[23Mar2025 18:24:17.556] [main/INFO] [cpw.mods.modlauncher.Launcher/MODLAUNCHER]: ModLauncher running: args [--launchTarget, forgedatauserdev, --assetIndex, 5, --assetsDir, C:\Users\Dimitrios Passias\.gradle\caches\forge_gradle\assets, --gameDir, ., --fml.forgeVersion, 47.3.5, --fml.mcVersion, 1.20.1, --fml.forgeGroup, net.minecraftforge, --fml.mcpVersion, 20230612.114412, --mod, kaijucraft, --all, --output, E:\Users\Dimitrios\Downloads\KaijuCraft\src\generated\resources, --existing, E:\Users\Dimitrios\Downloads\KaijuCraft\src\main\resources]
[23Mar2025 18:24:17.567] [main/INFO] [cpw.mods.modlauncher.Launcher/MODLAUNCHER]: ModLauncher 10.0.9+10.0.9+main.dcd20f30 starting: java version 17.0.12 by Eclipse Adoptium; OS Windows 11 arch amd64 version 10.0
[23Mar2025 18:24:17.640] [main/DEBUG] [cpw.mods.modlauncher.LaunchServiceHandler/MODLAUNCHER]: Found launch services [fmlclientdev,forgeclient,minecraft,forgegametestserverdev,fmlserveruserdev,fmlclient,fmldatauserdev,forgeserverdev,forgeserveruserdev,forgeclientdev,forgeclientuserdev,forgeserver,forgedatadev,fmlserver,fmlclientuserdev,fmlserverdev,forgedatauserdev,testharness,forgegametestserveruserdev]
[23Mar2025 18:24:17.660] [main/DEBUG] [cpw.mods.modlauncher.NameMappingServiceHandler/MODLAUNCHER]: Found naming services : [srgtomcp]
[23Mar2025 18:24:17.688] [main/DEBUG] [cpw.mods.modlauncher.LaunchPluginHandler/MODLAUNCHER]: Found launch plugins: [mixin,eventbus,slf4jfixer,object_holder_definalize,runtime_enum_extender,capability_token_subclass,accesstransformer,runtimedistcleaner]
[23Mar2025 18:24:17.698] [main/DEBUG] [cpw.mods.modlauncher.TransformationServicesHandler/MODLAUNCHER]: Discovering transformation services
[23Mar2025 18:24:17.703] [main/DEBUG] [net.minecraftforge.fml.loading.FMLPaths/CORE]: Path GAMEDIR is E:\Users\Dimitrios\Downloads\KaijuCraft\run-data
[23Mar2025 18:24:17.703] [main/DEBUG] [net.minecraftforge.fml.loading.FMLPaths/CORE]: Path MODSDIR is E:\Users\Dimitrios\Downloads\KaijuCraft\run-data\mods
[23Mar2025 18:24:17.704] [main/DEBUG] [net.minecraftforge.fml.loading.FMLPaths/CORE]: Path CONFIGDIR is E:\Users\Dimitrios\Downloads\KaijuCraft\run-data\config
[23Mar2025 18:24:17.704] [main/DEBUG] [net.minecraftforge.fml.loading.FMLPaths/CORE]: Path FMLCONFIG is E:\Users\Dimitrios\Downloads\KaijuCraft\run-data\config\fml.toml
[23Mar2025 18:24:17.738] [main/WARN] [net.minecraftforge.fml.loading.FMLConfig/CORE]: Configuration file E:\Users\Dimitrios\Downloads\KaijuCraft\run-data\config\fml.toml is not correct. Correcting
[23Mar2025 18:24:17.739] [main/INFO] [net.minecraftforge.fml.loading.FMLConfig/CORE]: Incorrect key [earlyWindowSkipGLVersions] was corrected from null to []
[23Mar2025 18:24:17.740] [main/INFO] [net.minecraftforge.fml.loading.FMLConfig/CORE]: Incorrect key [earlyWindowSquir] was corrected from null to false
[23Mar2025 18:24:17.740] [main/INFO] [net.minecraftforge.fml.loading.FMLConfig/CORE]: Incorrect key [earlyWindowShowCPU] was corrected from null to false
[23Mar2025 18:24:17.751] [main/DEBUG] [cpw.mods.modlauncher.TransformationServicesHandler/MODLAUNCHER]: Found additional transformation services from discovery services: 
[23Mar2025 18:24:17.757] [main/INFO] [net.minecraftforge.fml.loading.ImmediateWindowHandler/]: ImmediateWindowProvider not loading because launch target is forgedatauserdev
[23Mar2025 18:24:17.769] [main/DEBUG] [cpw.mods.modlauncher.TransformationServicesHandler/MODLAUNCHER]: Found transformer services : [mixin,fml]
[23Mar2025 18:24:17.770] [main/DEBUG] [cpw.mods.modlauncher.TransformationServicesHandler/MODLAUNCHER]: Transformation services loading
[23Mar2025 18:24:17.770] [main/DEBUG] [cpw.mods.modlauncher.TransformationServiceDecorator/MODLAUNCHER]: Loading service mixin
[23Mar2025 18:24:17.770] [main/DEBUG] [cpw.mods.modlauncher.TransformationServiceDecorator/MODLAUNCHER]: Loaded service mixin
[23Mar2025 18:24:17.771] [main/DEBUG] [cpw.mods.modlauncher.TransformationServiceDecorator/MODLAUNCHER]: Loading service fml
[23Mar2025 18:24:17.772] [main/DEBUG] [net.minecraftforge.fml.loading.LauncherVersion/CORE]: Found FMLLauncher version 1.0
[23Mar2025 18:24:17.772] [main/DEBUG] [net.minecraftforge.fml.loading.FMLLoader/CORE]: FML 1.0 loading
[23Mar2025 18:24:17.773] [main/DEBUG] [net.minecraftforge.fml.loading.FMLLoader/CORE]: FML found ModLauncher version : 10.0.9+10.0.9+main.dcd20f30
[23Mar2025 18:24:17.773] [main/DEBUG] [net.minecraftforge.fml.loading.FMLLoader/CORE]: FML found AccessTransformer version : 8.0.4+66+master.c09db6d7
[23Mar2025 18:24:17.774] [main/DEBUG] [net.minecraftforge.fml.loading.FMLLoader/CORE]: FML found EventBus version : 6.0.5+6.0.5+master.eb8e549b
[23Mar2025 18:24:17.774] [main/DEBUG] [net.minecraftforge.fml.loading.FMLLoader/CORE]: Found Runtime Dist Cleaner
[23Mar2025 18:24:17.777] [main/DEBUG] [net.minecraftforge.fml.loading.FMLLoader/CORE]: FML found CoreMod version : 5.1.6
[23Mar2025 18:24:17.777] [main/DEBUG] [net.minecraftforge.fml.loading.FMLLoader/CORE]: Found ForgeSPI package implementation version 7.0.1+7.0.1+master.d2b38bf6
[23Mar2025 18:24:17.777] [main/DEBUG] [net.minecraftforge.fml.loading.FMLLoader/CORE]: Found ForgeSPI package specification 5
[23Mar2025 18:24:17.777] [main/DEBUG] [cpw.mods.modlauncher.TransformationServiceDecorator/MODLAUNCHER]: Loaded service fml
[23Mar2025 18:24:17.779] [main/DEBUG] [cpw.mods.modlauncher.TransformationServicesHandler/MODLAUNCHER]: Configuring option handling for services
[23Mar2025 18:24:17.787] [main/DEBUG] [cpw.mods.modlauncher.TransformationServicesHandler/MODLAUNCHER]: Transformation services initializing
[23Mar2025 18:24:17.788] [main/DEBUG] [cpw.mods.modlauncher.TransformationServiceDecorator/MODLAUNCHER]: Initializing transformation service mixin
[23Mar2025 18:24:17.806] [main/DEBUG] [mixin/]: MixinService [ModLauncher] was successfully booted in cpw.mods.cl.ModuleClassLoader@67a20f67
[23Mar2025 18:24:17.820] [main/INFO] [mixin/]: SpongePowered MIXIN Subsystem Version=0.8.5 Source=union:/C:/Users/Dimitrios%20Passias/.gradle/caches/modules-2/files-2.1/org.spongepowered/mixin/0.8.5/9d1c0c3a304ae6697ecd477218fa61b850bf57fc/mixin-0.8.5.jar%23132!/ Service=ModLauncher Env=CLIENT
[23Mar2025 18:24:17.822] [main/DEBUG] [mixin/]: Initialising Mixin Platform Manager
[23Mar2025 18:24:17.823] [main/DEBUG] [mixin/]: Adding mixin platform agents for container ModLauncher Root Container(ModLauncher:4f56a0a2)
[23Mar2025 18:24:17.823] [main/DEBUG] [mixin/]: Instancing new MixinPlatformAgentMinecraftForge for ModLauncher Root Container(ModLauncher:4f56a0a2)
[23Mar2025 18:24:17.824] [main/DEBUG] [mixin/]: MixinPlatformAgentMinecraftForge rejected container ModLauncher Root Container(ModLauncher:4f56a0a2)
[23Mar2025 18:24:17.824] [main/DEBUG] [mixin/]: Instancing new MixinPlatformAgentDefault for ModLauncher Root Container(ModLauncher:4f56a0a2)
[23Mar2025 18:24:17.825] [main/DEBUG] [mixin/]: MixinPlatformAgentDefault accepted container ModLauncher Root Container(ModLauncher:4f56a0a2)
[23Mar2025 18:24:17.827] [main/DEBUG] [cpw.mods.modlauncher.TransformationServiceDecorator/MODLAUNCHER]: Initialized transformation service mixin
[23Mar2025 18:24:17.828] [main/DEBUG] [cpw.mods.modlauncher.TransformationServiceDecorator/MODLAUNCHER]: Initializing transformation service fml
[23Mar2025 18:24:17.828] [main/DEBUG] [net.minecraftforge.fml.loading.FMLServiceProvider/CORE]: Setting up basic FML game directories
[23Mar2025 18:24:17.828] [main/DEBUG] [net.minecraftforge.fml.loading.FMLPaths/CORE]: Path GAMEDIR is E:\Users\Dimitrios\Downloads\KaijuCraft\run-data
[23Mar2025 18:24:17.828] [main/DEBUG] [net.minecraftforge.fml.loading.FMLPaths/CORE]: Path MODSDIR is E:\Users\Dimitrios\Downloads\KaijuCraft\run-data\mods
[23Mar2025 18:24:17.829] [main/DEBUG] [net.minecraftforge.fml.loading.FMLPaths/CORE]: Path CONFIGDIR is E:\Users\Dimitrios\Downloads\KaijuCraft\run-data\config
[23Mar2025 18:24:17.829] [main/DEBUG] [net.minecraftforge.fml.loading.FMLPaths/CORE]: Path FMLCONFIG is E:\Users\Dimitrios\Downloads\KaijuCraft\run-data\config\fml.toml
[23Mar2025 18:24:17.829] [main/DEBUG] [net.minecraftforge.fml.loading.FMLServiceProvider/CORE]: Loading configuration
[23Mar2025 18:24:17.832] [main/DEBUG] [net.minecraftforge.fml.loading.FMLServiceProvider/CORE]: Preparing ModFile
[23Mar2025 18:24:17.835] [main/DEBUG] [net.minecraftforge.fml.loading.FMLServiceProvider/CORE]: Preparing launch handler
[23Mar2025 18:24:17.836] [main/DEBUG] [net.minecraftforge.fml.loading.FMLLoader/CORE]: Using forgedatauserdev as launch service
[23Mar2025 18:24:17.853] [main/DEBUG] [net.minecraftforge.fml.loading.FMLLoader/CORE]: Received command line version data  : VersionInfo[forgeVersion=47.3.5, mcVersion=1.20.1, mcpVersion=20230612.114412, forgeGroup=net.minecraftforge]
[23Mar2025 18:24:17.855] [main/DEBUG] [cpw.mods.modlauncher.TransformationServiceDecorator/MODLAUNCHER]: Initialized transformation service fml
[23Mar2025 18:24:17.855] [main/DEBUG] [cpw.mods.modlauncher.NameMappingServiceHandler/MODLAUNCHER]: Current naming domain is 'mcp'
[23Mar2025 18:24:17.856] [main/DEBUG] [cpw.mods.modlauncher.NameMappingServiceHandler/MODLAUNCHER]: Identified name mapping providers {srg=srgtomcp:1234}
[23Mar2025 18:24:17.856] [main/DEBUG] [cpw.mods.modlauncher.TransformationServicesHandler/MODLAUNCHER]: Transformation services begin scanning
[23Mar2025 18:24:17.857] [main/DEBUG] [cpw.mods.modlauncher.TransformationServiceDecorator/MODLAUNCHER]: Beginning scan trigger - transformation service mixin
[23Mar2025 18:24:17.857] [main/DEBUG] [cpw.mods.modlauncher.TransformationServiceDecorator/MODLAUNCHER]: End scan trigger - transformation service mixin
[23Mar2025 18:24:17.857] [main/DEBUG] [cpw.mods.modlauncher.TransformationServiceDecorator/MODLAUNCHER]: Beginning scan trigger - transformation service fml
[23Mar2025 18:24:17.857] [main/DEBUG] [net.minecraftforge.fml.loading.FMLServiceProvider/CORE]: Initiating mod scan
[23Mar2025 18:24:17.868] [main/DEBUG] [net.minecraftforge.fml.loading.moddiscovery.ModListHandler/CORE]: Found mod coordinates from lists: []
[23Mar2025 18:24:17.871] [main/DEBUG] [net.minecraftforge.fml.loading.moddiscovery.ModDiscoverer/CORE]: Found Mod Locators : (mods folder:null),(maven libs:null),(exploded directory:null),(minecraft:null),(userdev classpath:null)
[23Mar2025 18:24:17.872] [main/DEBUG] [net.minecraftforge.fml.loading.moddiscovery.ModDiscoverer/CORE]: Found Dependency Locators : (JarInJar:null)
[23Mar2025 18:24:17.877] [main/DEBUG] [net.minecraftforge.fml.loading.targets.CommonLaunchHandler/CORE]: Got mod coordinates kaijucraft%%E:/Users/Dimitrios/Downloads/KaijuCraft\build\resources\main;kaijucraft%%E:/Users/Dimitrios/Downloads/KaijuCraft\build\classes\java\main from env
[23Mar2025 18:24:17.879] [main/DEBUG] [net.minecraftforge.fml.loading.targets.CommonLaunchHandler/CORE]: Found supplied mod coordinates [{kaijucraft=[E:\Users\Dimitrios\Downloads\KaijuCraft\build\resources\main, E:\Users\Dimitrios\Downloads\KaijuCraft\build\classes\java\main]}]
[23Mar2025 18:24:18.237] [main/DEBUG] [net.minecraftforge.fml.loading.moddiscovery.ModFileInfo/LOADING]: Found valid mod file forge-1.20.1-47.3.5_mapped_parchment_2023.09.03-1.20.1-recomp.jar with {minecraft} mods - versions {1.20.1}
[23Mar2025 18:24:18.242] [main/DEBUG] [net.minecraftforge.fml.loading.moddiscovery.ModFileParser/LOADING]: Considering mod file candidate C:\Users\Dimitrios Passias\.gradle\caches\modules-2\files-2.1\net.minecraftforge\javafmllanguage\1.20.1-47.3.5\4c589c051ef533f8898fb5d83514d4186faa0eeb\javafmllanguage-1.20.1-47.3.5.jar
[23Mar2025 18:24:18.242] [main/WARN] [net.minecraftforge.fml.loading.moddiscovery.ModFileParser/LOADING]: Mod file C:\Users\Dimitrios Passias\.gradle\caches\modules-2\files-2.1\net.minecraftforge\javafmllanguage\1.20.1-47.3.5\4c589c051ef533f8898fb5d83514d4186faa0eeb\javafmllanguage-1.20.1-47.3.5.jar is missing mods.toml file
[23Mar2025 18:24:18.246] [main/DEBUG] [net.minecraftforge.fml.loading.moddiscovery.ModFileParser/LOADING]: Considering mod file candidate C:\Users\Dimitrios Passias\.gradle\caches\modules-2\files-2.1\net.minecraftforge\lowcodelanguage\1.20.1-47.3.5\8251eee89645828a05f3b04f5df8945baa0743c4\lowcodelanguage-1.20.1-47.3.5.jar
[23Mar2025 18:24:18.246] [main/WARN] [net.minecraftforge.fml.loading.moddiscovery.ModFileParser/LOADING]: Mod file C:\Users\Dimitrios Passias\.gradle\caches\modules-2\files-2.1\net.minecraftforge\lowcodelanguage\1.20.1-47.3.5\8251eee89645828a05f3b04f5df8945baa0743c4\lowcodelanguage-1.20.1-47.3.5.jar is missing mods.toml file
[23Mar2025 18:24:18.249] [main/DEBUG] [net.minecraftforge.fml.loading.moddiscovery.ModFileParser/LOADING]: Considering mod file candidate C:\Users\Dimitrios Passias\.gradle\caches\modules-2\files-2.1\net.minecraftforge\mclanguage\1.20.1-47.3.5\53971d6fe08ae7ce74a72fa7d14a82de70a8bd1\mclanguage-1.20.1-47.3.5.jar
[23Mar2025 18:24:18.249] [main/WARN] [net.minecraftforge.fml.loading.moddiscovery.ModFileParser/LOADING]: Mod file C:\Users\Dimitrios Passias\.gradle\caches\modules-2\files-2.1\net.minecraftforge\mclanguage\1.20.1-47.3.5\53971d6fe08ae7ce74a72fa7d14a82de70a8bd1\mclanguage-1.20.1-47.3.5.jar is missing mods.toml file
[23Mar2025 18:24:18.253] [main/DEBUG] [net.minecraftforge.fml.loading.moddiscovery.ModFileParser/LOADING]: Considering mod file candidate C:\Users\Dimitrios Passias\.gradle\caches\modules-2\files-2.1\net.minecraftforge\fmlcore\1.20.1-47.3.5\cc377ceca3274bd1e429c0da17f73720ce29a4d6\fmlcore-1.20.1-47.3.5.jar
[23Mar2025 18:24:18.253] [main/WARN] [net.minecraftforge.fml.loading.moddiscovery.ModFileParser/LOADING]: Mod file C:\Users\Dimitrios Passias\.gradle\caches\modules-2\files-2.1\net.minecraftforge\fmlcore\1.20.1-47.3.5\cc377ceca3274bd1e429c0da17f73720ce29a4d6\fmlcore-1.20.1-47.3.5.jar is missing mods.toml file
[23Mar2025 18:24:18.270] [main/DEBUG] [net.minecraftforge.fml.loading.moddiscovery.ModFileParser/LOADING]: Considering mod file candidate E:\Users\Dimitrios\Downloads\KaijuCraft\build\resources\main
[23Mar2025 18:24:18.284] [main/DEBUG] [net.minecraftforge.fml.loading.moddiscovery.ModFileInfo/LOADING]: Found valid mod file main with {kaijucraft} mods - versions {0.0.1B}
[23Mar2025 18:24:18.286] [main/DEBUG] [net.minecraftforge.fml.loading.moddiscovery.ModFileParser/LOADING]: Considering mod file candidate /
[23Mar2025 18:24:18.289] [main/DEBUG] [net.minecraftforge.fml.loading.moddiscovery.ModFileInfo/LOADING]: Found valid mod file  with {forge} mods - versions {47.3.5}
[23Mar2025 18:24:18.318] [main/DEBUG] [net.minecraftforge.fml.loading.moddiscovery.ModFileParser/LOADING]: Considering mod file candidate C:\Users\Dimitrios Passias\.gradle\caches\forge_gradle\deobf_dependencies\software\bernie\geckolib\geckolib-forge-1.20.1\4.4.6_mapped_parchment_2023.09.03-1.20.1\geckolib-forge-1.20.1-4.4.6_mapped_parchment_2023.09.03-1.20.1.jar
[23Mar2025 18:24:18.328] [main/DEBUG] [net.minecraftforge.fml.loading.moddiscovery.ModFileInfo/LOADING]: Found valid mod file geckolib-forge-1.20.1-4.4.6_mapped_parchment_2023.09.03-1.20.1.jar with {geckolib} mods - versions {4.4.6}
[23Mar2025 18:24:18.332] [main/DEBUG] [net.minecraftforge.fml.loading.moddiscovery.ModFileParser/LOADING]: Considering mod file candidate C:\Users\Dimitrios Passias\.gradle\caches\forge_gradle\deobf_dependencies\dev\kosmx\player-anim\player-animation-lib-forge\1.0.2-rc1+1.20_mapped_parchment_2023.09.03-1.20.1\player-animation-lib-forge-1.0.2-rc1+1.20_mapped_parchment_2023.09.03-1.20.1.jar
[23Mar2025 18:24:18.334] [main/DEBUG] [net.minecraftforge.fml.loading.moddiscovery.ModFileInfo/LOADING]: Found valid mod file player-animation-lib-forge-1.0.2-rc1+1.20_mapped_parchment_2023.09.03-1.20.1.jar with {playeranimator} mods - versions {1.0.2-rc1+1.20}
[23Mar2025 18:24:18.337] [main/DEBUG] [net.minecraftforge.fml.loading.moddiscovery.ModFileParser/LOADING]: Considering mod file candidate C:\Users\Dimitrios Passias\.gradle\caches\forge_gradle\deobf_dependencies\com\lowdragmc\photon\photon-forge-1.20.1\1.0.7_mapped_parchment_2023.09.03-1.20.1\photon-forge-1.20.1-1.0.7_mapped_parchment_2023.09.03-1.20.1.jar
[23Mar2025 18:24:18.339] [main/DEBUG] [net.minecraftforge.fml.loading.moddiscovery.ModFileInfo/LOADING]: Found valid mod file photon-forge-1.20.1-1.0.7_mapped_parchment_2023.09.03-1.20.1.jar with {photon} mods - versions {1.0.7}
[23Mar2025 18:24:18.344] [main/DEBUG] [net.minecraftforge.fml.loading.moddiscovery.ModFileParser/LOADING]: Considering mod file candidate C:\Users\Dimitrios Passias\.gradle\caches\forge_gradle\deobf_dependencies\com\lowdragmc\ldlib\ldlib-forge-1.20.1\1.0.19.d_mapped_parchment_2023.09.03-1.20.1\ldlib-forge-1.20.1-1.0.19.d_mapped_parchment_2023.09.03-1.20.1.jar
[23Mar2025 18:24:18.345] [main/DEBUG] [net.minecraftforge.fml.loading.moddiscovery.ModFileInfo/LOADING]: Found valid mod file ldlib-forge-1.20.1-1.0.19.d_mapped_parchment_2023.09.03-1.20.1.jar with {ldlib} mods - versions {1.0.19.d}
[23Mar2025 18:24:18.351] [main/DEBUG] [net.minecraftforge.fml.loading.moddiscovery.ModFileParser/LOADING]: Considering mod file candidate C:\Users\Dimitrios Passias\.gradle\caches\forge_gradle\deobf_dependencies\software\bernie\geckolib\geckolib-forge-1.20.1\4.4.6_mapped_parchment_2023.09.03-1.20.1\geckolib-forge-1.20.1-4.4.6_mapped_parchment_2023.09.03-1.20.1.jar
[23Mar2025 18:24:18.352] [main/DEBUG] [net.minecraftforge.fml.loading.moddiscovery.ModFileInfo/LOADING]: Found valid mod file geckolib-forge-1.20.1-4.4.6_mapped_parchment_2023.09.03-1.20.1.jar with {geckolib} mods - versions {4.4.6}
[23Mar2025 18:24:18.362] [main/DEBUG] [net.minecraftforge.fml.loading.moddiscovery.ModFileParser/LOADING]: Considering mod file candidate C:\Users\Dimitrios Passias\.gradle\caches\forge_gradle\deobf_dependencies\dev\kosmx\player-anim\player-animation-lib-forge\1.0.2-rc1+1.20_mapped_parchment_2023.09.03-1.20.1\player-animation-lib-forge-1.0.2-rc1+1.20_mapped_parchment_2023.09.03-1.20.1.jar
[23Mar2025 18:24:18.363] [main/DEBUG] [net.minecraftforge.fml.loading.moddiscovery.ModFileInfo/LOADING]: Found valid mod file player-animation-lib-forge-1.0.2-rc1+1.20_mapped_parchment_2023.09.03-1.20.1.jar with {playeranimator} mods - versions {1.0.2-rc1+1.20}
[23Mar2025 18:24:18.366] [main/DEBUG] [net.minecraftforge.fml.loading.moddiscovery.ModFileParser/LOADING]: Considering mod file candidate C:\Users\Dimitrios Passias\.gradle\caches\forge_gradle\deobf_dependencies\com\lowdragmc\photon\photon-forge-1.20.1\1.0.7_mapped_parchment_2023.09.03-1.20.1\photon-forge-1.20.1-1.0.7_mapped_parchment_2023.09.03-1.20.1.jar
[23Mar2025 18:24:18.368] [main/DEBUG] [net.minecraftforge.fml.loading.moddiscovery.ModFileInfo/LOADING]: Found valid mod file photon-forge-1.20.1-1.0.7_mapped_parchment_2023.09.03-1.20.1.jar with {photon} mods - versions {1.0.7}
[23Mar2025 18:24:18.371] [main/DEBUG] [net.minecraftforge.fml.loading.moddiscovery.ModFileParser/LOADING]: Considering mod file candidate C:\Users\Dimitrios Passias\.gradle\caches\forge_gradle\deobf_dependencies\com\lowdragmc\ldlib\ldlib-forge-1.20.1\1.0.19.d_mapped_parchment_2023.09.03-1.20.1\ldlib-forge-1.20.1-1.0.19.d_mapped_parchment_2023.09.03-1.20.1.jar
[23Mar2025 18:24:18.373] [main/DEBUG] [net.minecraftforge.fml.loading.moddiscovery.ModFileInfo/LOADING]: Found valid mod file ldlib-forge-1.20.1-1.0.19.d_mapped_parchment_2023.09.03-1.20.1.jar with {ldlib} mods - versions {1.0.19.d}
[23Mar2025 18:24:18.387] [main/DEBUG] [net.minecraftforge.fml.loading.UniqueModListBuilder/]: Found 2 mods for first modid photon, selecting most recent based on version data
[23Mar2025 18:24:18.388] [main/DEBUG] [net.minecraftforge.fml.loading.UniqueModListBuilder/]: Selected file photon-forge-1.20.1-1.0.7_mapped_parchment_2023.09.03-1.20.1.jar for modid photon with version 1.0.7
[23Mar2025 18:24:18.388] [main/DEBUG] [net.minecraftforge.fml.loading.UniqueModListBuilder/]: Found 2 mods for first modid geckolib, selecting most recent based on version data
[23Mar2025 18:24:18.388] [main/DEBUG] [net.minecraftforge.fml.loading.UniqueModListBuilder/]: Selected file geckolib-forge-1.20.1-4.4.6_mapped_parchment_2023.09.03-1.20.1.jar for modid geckolib with version 4.4.6
[23Mar2025 18:24:18.389] [main/DEBUG] [net.minecraftforge.fml.loading.UniqueModListBuilder/]: Found 2 mods for first modid ldlib, selecting most recent based on version data
[23Mar2025 18:24:18.389] [main/DEBUG] [net.minecraftforge.fml.loading.UniqueModListBuilder/]: Selected file ldlib-forge-1.20.1-1.0.19.d_mapped_parchment_2023.09.03-1.20.1.jar for modid ldlib with version 1.0.19.d
[23Mar2025 18:24:18.389] [main/DEBUG] [net.minecraftforge.fml.loading.UniqueModListBuilder/]: Found 2 mods for first modid playeranimator, selecting most recent based on version data
[23Mar2025 18:24:18.389] [main/DEBUG] [net.minecraftforge.fml.loading.UniqueModListBuilder/]: Selected file player-animation-lib-forge-1.0.2-rc1+1.20_mapped_parchment_2023.09.03-1.20.1.jar for modid playeranimator with version 1.0.2-rc1+1.20
[23Mar2025 18:24:18.395] [main/DEBUG] [net.minecraftforge.fml.loading.moddiscovery.AbstractJarFileDependencyLocator/]: Failed to load resource META-INF\jarjar\metadata.json from forge-1.20.1-47.3.5_mapped_parchment_2023.09.03-1.20.1-recomp.jar, it does not contain dependency information.
[23Mar2025 18:24:18.396] [main/DEBUG] [net.minecraftforge.fml.loading.moddiscovery.AbstractJarFileDependencyLocator/]: Failed to load resource META-INF\jarjar\metadata.json from , it does not contain dependency information.
[23Mar2025 18:24:18.396] [main/DEBUG] [net.minecraftforge.fml.loading.moddiscovery.AbstractJarFileDependencyLocator/]: Failed to load resource META-INF\jarjar\metadata.json from ldlib-forge-1.20.1-1.0.19.d_mapped_parchment_2023.09.03-1.20.1.jar, it does not contain dependency information.
[23Mar2025 18:24:18.396] [main/DEBUG] [net.minecraftforge.fml.loading.moddiscovery.AbstractJarFileDependencyLocator/]: Failed to load resource META-INF\jarjar\metadata.json from player-animation-lib-forge-1.0.2-rc1+1.20_mapped_parchment_2023.09.03-1.20.1.jar, it does not contain dependency information.
[23Mar2025 18:24:18.396] [main/DEBUG] [net.minecraftforge.fml.loading.moddiscovery.AbstractJarFileDependencyLocator/]: Failed to load resource META-INF\jarjar\metadata.json from main, it does not contain dependency information.
[23Mar2025 18:24:18.396] [main/DEBUG] [net.minecraftforge.fml.loading.moddiscovery.AbstractJarFileDependencyLocator/]: Failed to load resource META-INF\jarjar\metadata.json from mclanguage-1.20.1-47.3.5.jar, it does not contain dependency information.
[23Mar2025 18:24:18.397] [main/DEBUG] [net.minecraftforge.fml.loading.moddiscovery.AbstractJarFileDependencyLocator/]: Failed to load resource META-INF\jarjar\metadata.json from javafmllanguage-1.20.1-47.3.5.jar, it does not contain dependency information.
[23Mar2025 18:24:18.397] [main/DEBUG] [net.minecraftforge.fml.loading.moddiscovery.AbstractJarFileDependencyLocator/]: Failed to load resource META-INF\jarjar\metadata.json from fmlcore-1.20.1-47.3.5.jar, it does not contain dependency information.
[23Mar2025 18:24:18.397] [main/DEBUG] [net.minecraftforge.fml.loading.moddiscovery.AbstractJarFileDependencyLocator/]: Failed to load resource META-INF\jarjar\metadata.json from lowcodelanguage-1.20.1-47.3.5.jar, it does not contain dependency information.
[23Mar2025 18:24:18.488] [main/DEBUG] [net.minecraftforge.fml.loading.moddiscovery.ModFileParser/LOADING]: Considering mod file candidate 
[23Mar2025 18:24:18.490] [main/DEBUG] [net.minecraftforge.fml.loading.moddiscovery.ModFileInfo/LOADING]: Found valid mod file ldlib-forge-1.20.1-1.0.19.d.jar with {ldlib} mods - versions {1.0.19.d}
[23Mar2025 18:24:18.498] [main/DEBUG] [net.minecraftforge.fml.loading.moddiscovery.AbstractJarFileDependencyLocator/]: Failed to load resource META-INF\jarjar\metadata.json from ldlib-forge-1.20.1-1.0.19.d.jar, it does not contain dependency information.
[23Mar2025 18:24:18.498] [main/DEBUG] [net.minecraftforge.fml.loading.moddiscovery.AbstractJarFileDependencyLocator/]: Failed to load resource META-INF\jarjar\metadata.json from mclib-20.jar, it does not contain dependency information.
[23Mar2025 18:24:18.569] [main/DEBUG] [net.minecraftforge.fml.loading.moddiscovery.ModFileParser/LOADING]: Considering mod file candidate 
[23Mar2025 18:24:18.571] [main/DEBUG] [net.minecraftforge.fml.loading.moddiscovery.ModFileInfo/LOADING]: Found valid mod file ldlib-forge-1.20.1-1.0.19.d.jar with {ldlib} mods - versions {1.0.19.d}
[23Mar2025 18:24:18.573] [main/WARN] [net.minecraftforge.jarjar.selection.JarSelector/]: Attempted to select a dependency jar for JarJar which was passed in as source: ldlib. Using Mod File: C:\Users\Dimitrios Passias\.gradle\caches\forge_gradle\deobf_dependencies\com\lowdragmc\ldlib\ldlib-forge-1.20.1\1.0.19.d_mapped_parchment_2023.09.03-1.20.1\ldlib-forge-1.20.1-1.0.19.d_mapped_parchment_2023.09.03-1.20.1.jar
[23Mar2025 18:24:18.573] [main/INFO] [net.minecraftforge.fml.loading.moddiscovery.JarInJarDependencyLocator/]: Found 1 dependencies adding them to mods collection
[23Mar2025 18:24:18.576] [main/DEBUG] [net.minecraftforge.fml.loading.moddiscovery.ModFileInfo/LOADING]: Found valid mod file forge-1.20.1-47.3.5_mapped_parchment_2023.09.03-1.20.1-recomp.jar with {minecraft} mods - versions {1.20.1}
[23Mar2025 18:24:18.579] [main/DEBUG] [net.minecraftforge.fml.loading.moddiscovery.ModFile/LOADING]: Loading mod file C:\Users\Dimitrios Passias\.gradle\caches\forge_gradle\minecraft_user_repo\net\minecraftforge\forge\1.20.1-47.3.5_mapped_parchment_2023.09.03-1.20.1\forge-1.20.1-47.3.5_mapped_parchment_2023.09.03-1.20.1-recomp.jar with languages [LanguageSpec[languageName=minecraft, acceptedVersions=1]]
[23Mar2025 18:24:18.581] [main/DEBUG] [net.minecraftforge.fml.loading.moddiscovery.ModFileParser/LOADING]: Considering mod file candidate C:\Users\Dimitrios Passias\.gradle\caches\forge_gradle\deobf_dependencies\com\lowdragmc\photon\photon-forge-1.20.1\1.0.7_mapped_parchment_2023.09.03-1.20.1\photon-forge-1.20.1-1.0.7_mapped_parchment_2023.09.03-1.20.1.jar
[23Mar2025 18:24:18.582] [main/DEBUG] [net.minecraftforge.fml.loading.moddiscovery.ModFileInfo/LOADING]: Found valid mod file photon-forge-1.20.1-1.0.7_mapped_parchment_2023.09.03-1.20.1.jar with {photon} mods - versions {1.0.7}
[23Mar2025 18:24:18.582] [main/DEBUG] [net.minecraftforge.fml.loading.moddiscovery.ModFile/LOADING]: Loading mod file C:\Users\Dimitrios Passias\.gradle\caches\forge_gradle\deobf_dependencies\com\lowdragmc\photon\photon-forge-1.20.1\1.0.7_mapped_parchment_2023.09.03-1.20.1\photon-forge-1.20.1-1.0.7_mapped_parchment_2023.09.03-1.20.1.jar with languages [LanguageSpec[languageName=javafml, acceptedVersions=[47,)]]
[23Mar2025 18:24:18.582] [main/DEBUG] [net.minecraftforge.fml.loading.moddiscovery.ModFileParser/LOADING]: Considering mod file candidate /
[23Mar2025 18:24:18.583] [main/DEBUG] [net.minecraftforge.fml.loading.moddiscovery.ModFileInfo/LOADING]: Found valid mod file  with {forge} mods - versions {47.3.5}
[23Mar2025 18:24:18.584] [main/DEBUG] [net.minecraftforge.fml.loading.moddiscovery.ModFile/LOADING]: Loading mod file / with languages [LanguageSpec[languageName=javafml, acceptedVersions=[24,]]]
[23Mar2025 18:24:18.588] [main/DEBUG] [net.minecraftforge.fml.loading.moddiscovery.ModFileParser/LOADING]: Found coremod field_to_method with Javascript path coremods/field_to_method.js
[23Mar2025 18:24:18.588] [main/DEBUG] [net.minecraftforge.fml.loading.moddiscovery.ModFileParser/LOADING]: Found coremod field_to_instanceof with Javascript path coremods/field_to_instanceof.js
[23Mar2025 18:24:18.588] [main/DEBUG] [net.minecraftforge.fml.loading.moddiscovery.ModFileParser/LOADING]: Found coremod add_bouncer_method with Javascript path coremods/add_bouncer_method.js
[23Mar2025 18:24:18.588] [main/DEBUG] [net.minecraftforge.fml.loading.moddiscovery.ModFileParser/LOADING]: Found coremod method_redirector with Javascript path coremods/method_redirector.js
[23Mar2025 18:24:18.588] [main/DEBUG] [net.minecraftforge.fml.loading.moddiscovery.ModFile/LOADING]: Found coremod coremods/field_to_method.js
[23Mar2025 18:24:18.588] [main/DEBUG] [net.minecraftforge.fml.loading.moddiscovery.ModFile/LOADING]: Found coremod coremods/field_to_instanceof.js
[23Mar2025 18:24:18.589] [main/DEBUG] [net.minecraftforge.fml.loading.moddiscovery.ModFile/LOADING]: Found coremod coremods/add_bouncer_method.js
[23Mar2025 18:24:18.589] [main/DEBUG] [net.minecraftforge.fml.loading.moddiscovery.ModFile/LOADING]: Found coremod coremods/method_redirector.js
[23Mar2025 18:24:18.589] [main/DEBUG] [net.minecraftforge.fml.loading.moddiscovery.ModFileParser/LOADING]: Considering mod file candidate C:\Users\Dimitrios Passias\.gradle\caches\forge_gradle\deobf_dependencies\software\bernie\geckolib\geckolib-forge-1.20.1\4.4.6_mapped_parchment_2023.09.03-1.20.1\geckolib-forge-1.20.1-4.4.6_mapped_parchment_2023.09.03-1.20.1.jar
[23Mar2025 18:24:18.590] [main/DEBUG] [net.minecraftforge.fml.loading.moddiscovery.ModFileInfo/LOADING]: Found valid mod file geckolib-forge-1.20.1-4.4.6_mapped_parchment_2023.09.03-1.20.1.jar with {geckolib} mods - versions {4.4.6}
[23Mar2025 18:24:18.590] [main/DEBUG] [net.minecraftforge.fml.loading.moddiscovery.ModFile/LOADING]: Loading mod file C:\Users\Dimitrios Passias\.gradle\caches\forge_gradle\deobf_dependencies\software\bernie\geckolib\geckolib-forge-1.20.1\4.4.6_mapped_parchment_2023.09.03-1.20.1\geckolib-forge-1.20.1-4.4.6_mapped_parchment_2023.09.03-1.20.1.jar with languages [LanguageSpec[languageName=javafml, acceptedVersions=[47,)]]
[23Mar2025 18:24:18.590] [main/DEBUG] [net.minecraftforge.fml.loading.moddiscovery.ModFileParser/LOADING]: Considering mod file candidate C:\Users\Dimitrios Passias\.gradle\caches\forge_gradle\deobf_dependencies\dev\kosmx\player-anim\player-animation-lib-forge\1.0.2-rc1+1.20_mapped_parchment_2023.09.03-1.20.1\player-animation-lib-forge-1.0.2-rc1+1.20_mapped_parchment_2023.09.03-1.20.1.jar
[23Mar2025 18:24:18.591] [main/DEBUG] [net.minecraftforge.fml.loading.moddiscovery.ModFileInfo/LOADING]: Found valid mod file player-animation-lib-forge-1.0.2-rc1+1.20_mapped_parchment_2023.09.03-1.20.1.jar with {playeranimator} mods - versions {1.0.2-rc1+1.20}
[23Mar2025 18:24:18.591] [main/DEBUG] [net.minecraftforge.fml.loading.moddiscovery.ModFile/LOADING]: Loading mod file C:\Users\Dimitrios Passias\.gradle\caches\forge_gradle\deobf_dependencies\dev\kosmx\player-anim\player-animation-lib-forge\1.0.2-rc1+1.20_mapped_parchment_2023.09.03-1.20.1\player-animation-lib-forge-1.0.2-rc1+1.20_mapped_parchment_2023.09.03-1.20.1.jar with languages [LanguageSpec[languageName=javafml, acceptedVersions=[46.0.0,)]]
[23Mar2025 18:24:18.591] [main/DEBUG] [net.minecraftforge.fml.loading.moddiscovery.ModFileParser/LOADING]: Considering mod file candidate C:\Users\Dimitrios Passias\.gradle\caches\forge_gradle\deobf_dependencies\com\lowdragmc\ldlib\ldlib-forge-1.20.1\1.0.19.d_mapped_parchment_2023.09.03-1.20.1\ldlib-forge-1.20.1-1.0.19.d_mapped_parchment_2023.09.03-1.20.1.jar
[23Mar2025 18:24:18.592] [main/DEBUG] [net.minecraftforge.fml.loading.moddiscovery.ModFileInfo/LOADING]: Found valid mod file ldlib-forge-1.20.1-1.0.19.d_mapped_parchment_2023.09.03-1.20.1.jar with {ldlib} mods - versions {1.0.19.d}
[23Mar2025 18:24:18.592] [main/DEBUG] [net.minecraftforge.fml.loading.moddiscovery.ModFile/LOADING]: Loading mod file C:\Users\Dimitrios Passias\.gradle\caches\forge_gradle\deobf_dependencies\com\lowdragmc\ldlib\ldlib-forge-1.20.1\1.0.19.d_mapped_parchment_2023.09.03-1.20.1\ldlib-forge-1.20.1-1.0.19.d_mapped_parchment_2023.09.03-1.20.1.jar with languages [LanguageSpec[languageName=javafml, acceptedVersions=[47,)]]
[23Mar2025 18:24:18.593] [main/DEBUG] [net.minecraftforge.fml.loading.moddiscovery.ModFileParser/LOADING]: Considering mod file candidate E:\Users\Dimitrios\Downloads\KaijuCraft\build\resources\main
[23Mar2025 18:24:18.594] [main/DEBUG] [net.minecraftforge.fml.loading.moddiscovery.ModFileInfo/LOADING]: Found valid mod file main with {kaijucraft} mods - versions {0.0.1B}
[23Mar2025 18:24:18.595] [main/DEBUG] [net.minecraftforge.fml.loading.moddiscovery.ModFile/LOADING]: Loading mod file E:\Users\Dimitrios\Downloads\KaijuCraft\build\resources\main with languages [LanguageSpec[languageName=javafml, acceptedVersions=[47,)]]
[23Mar2025 18:24:18.595] [main/DEBUG] [net.minecraftforge.fml.loading.moddiscovery.ModFile/LOADING]: Loading mod file  with languages []
[23Mar2025 18:24:18.595] [main/DEBUG] [net.minecraftforge.fml.loading.moddiscovery.ModFile/LOADING]: Loading mod file  with languages []
[23Mar2025 18:24:18.596] [main/DEBUG] [cpw.mods.modlauncher.TransformationServiceDecorator/MODLAUNCHER]: End scan trigger - transformation service fml
[23Mar2025 18:24:18.618] [main/DEBUG] [net.minecraftforge.fml.loading.LanguageLoadingProvider/CORE]: Found 3 language providers
[23Mar2025 18:24:18.619] [main/DEBUG] [net.minecraftforge.fml.loading.LanguageLoadingProvider/CORE]: Found language provider minecraft, version 1.0
[23Mar2025 18:24:18.620] [main/DEBUG] [net.minecraftforge.fml.loading.LanguageLoadingProvider/CORE]: Found language provider lowcodefml, version 47
[23Mar2025 18:24:18.620] [main/DEBUG] [net.minecraftforge.fml.loading.LanguageLoadingProvider/CORE]: Found language provider javafml, version 47
[23Mar2025 18:24:18.630] [main/DEBUG] [net.minecraftforge.fml.loading.UniqueModListBuilder/]: Found 2 mods for first modid mclib, selecting most recent based on version data
[23Mar2025 18:24:18.630] [main/DEBUG] [net.minecraftforge.fml.loading.UniqueModListBuilder/]: Selected file mclib-20.jar for modid mclib with version 0.0NONE
[23Mar2025 18:24:18.632] [main/DEBUG] [net.minecraftforge.fml.loading.ModSorter/]: Configured system mods: [minecraft, forge]
[23Mar2025 18:24:18.632] [main/DEBUG] [net.minecraftforge.fml.loading.ModSorter/]: Found system mod: minecraft
[23Mar2025 18:24:18.632] [main/DEBUG] [net.minecraftforge.fml.loading.ModSorter/]: Found system mod: forge
[23Mar2025 18:24:18.635] [main/DEBUG] [net.minecraftforge.fml.loading.ModSorter/LOADING]: Found 7 mod requirements (7 mandatory, 0 optional)
[23Mar2025 18:24:18.635] [main/DEBUG] [net.minecraftforge.fml.loading.ModSorter/LOADING]: Found 0 mod requirements missing (0 mandatory, 0 optional)
[23Mar2025 18:24:19.254] [main/DEBUG] [net.minecraftforge.fml.loading.MCPNamingService/CORE]: Loaded 34318 method mappings from methods.csv
[23Mar2025 18:24:19.298] [main/DEBUG] [net.minecraftforge.fml.loading.MCPNamingService/CORE]: Loaded 31014 field mappings from fields.csv
[23Mar2025 18:24:19.373] [main/DEBUG] [cpw.mods.modlauncher.TransformationServicesHandler/MODLAUNCHER]: Transformation services loading transformers
[23Mar2025 18:24:19.376] [main/DEBUG] [cpw.mods.modlauncher.TransformationServiceDecorator/MODLAUNCHER]: Initializing transformers for transformation service mixin
[23Mar2025 18:24:19.378] [main/DEBUG] [cpw.mods.modlauncher.TransformationServiceDecorator/MODLAUNCHER]: Initialized transformers for transformation service mixin
[23Mar2025 18:24:19.378] [main/DEBUG] [cpw.mods.modlauncher.TransformationServiceDecorator/MODLAUNCHER]: Initializing transformers for transformation service fml
[23Mar2025 18:24:19.378] [main/DEBUG] [net.minecraftforge.fml.loading.FMLServiceProvider/CORE]: Loading coremod transformers
[23Mar2025 18:24:19.379] [main/DEBUG] [net.minecraftforge.coremod.CoreModEngine/COREMOD]: Loading CoreMod from coremods/field_to_method.js
[23Mar2025 18:24:19.933] [main/DEBUG] [net.minecraftforge.coremod.CoreModEngine/COREMOD]: CoreMod loaded successfully
[23Mar2025 18:24:19.933] [main/DEBUG] [net.minecraftforge.coremod.CoreModEngine/COREMOD]: Loading CoreMod from coremods/field_to_instanceof.js
[23Mar2025 18:24:20.072] [main/DEBUG] [net.minecraftforge.coremod.CoreModEngine/COREMOD]: CoreMod loaded successfully
[23Mar2025 18:24:20.072] [main/DEBUG] [net.minecraftforge.coremod.CoreModEngine/COREMOD]: Loading CoreMod from coremods/add_bouncer_method.js
[23Mar2025 18:24:20.182] [main/DEBUG] [net.minecraftforge.coremod.CoreModEngine/COREMOD]: CoreMod loaded successfully
[23Mar2025 18:24:20.182] [main/DEBUG] [net.minecraftforge.coremod.CoreModEngine/COREMOD]: Loading CoreMod from coremods/method_redirector.js
[23Mar2025 18:24:20.296] [main/DEBUG] [net.minecraftforge.coremod.CoreModEngine/COREMOD]: CoreMod loaded successfully
[23Mar2025 18:24:20.308] [main/DEBUG] [cpw.mods.modlauncher.TransformStore/MODLAUNCHER]: Adding transformer net.minecraftforge.coremod.transformer.CoreModClassTransformer@732f6050 to Target : CLASS {Lnet/minecraft/world/level/biome/Biome;} {} {V}
[23Mar2025 18:24:20.311] [main/DEBUG] [cpw.mods.modlauncher.TransformStore/MODLAUNCHER]: Adding transformer net.minecraftforge.coremod.transformer.CoreModClassTransformer@6f8aba08 to Target : CLASS {Lnet/minecraft/world/level/levelgen/structure/Structure;} {} {V}
[23Mar2025 18:24:20.312] [main/DEBUG] [cpw.mods.modlauncher.TransformStore/MODLAUNCHER]: Adding transformer net.minecraftforge.coremod.transformer.CoreModClassTransformer@7ff19c33 to Target : CLASS {Lnet/minecraft/world/effect/MobEffectInstance;} {} {V}
[23Mar2025 18:24:20.312] [main/DEBUG] [cpw.mods.modlauncher.TransformStore/MODLAUNCHER]: Adding transformer net.minecraftforge.coremod.transformer.CoreModClassTransformer@52b3bf03 to Target : CLASS {Lnet/minecraft/world/level/block/LiquidBlock;} {} {V}
[23Mar2025 18:24:20.312] [main/DEBUG] [cpw.mods.modlauncher.TransformStore/MODLAUNCHER]: Adding transformer net.minecraftforge.coremod.transformer.CoreModClassTransformer@7cca01a8 to Target : CLASS {Lnet/minecraft/world/item/BucketItem;} {} {V}
[23Mar2025 18:24:20.312] [main/DEBUG] [cpw.mods.modlauncher.TransformStore/MODLAUNCHER]: Adding transformer net.minecraftforge.coremod.transformer.CoreModClassTransformer@462abec3 to Target : CLASS {Lnet/minecraft/world/level/block/StairBlock;} {} {V}
[23Mar2025 18:24:20.312] [main/DEBUG] [cpw.mods.modlauncher.TransformStore/MODLAUNCHER]: Adding transformer net.minecraftforge.coremod.transformer.CoreModClassTransformer@35c9a231 to Target : CLASS {Lnet/minecraft/world/level/block/FlowerPotBlock;} {} {V}
[23Mar2025 18:24:20.312] [main/DEBUG] [cpw.mods.modlauncher.TransformStore/MODLAUNCHER]: Adding transformer net.minecraftforge.coremod.transformer.CoreModClassTransformer@7a4d582c to Target : CLASS {Lnet/minecraft/world/item/ItemStack;} {} {V}
[23Mar2025 18:24:20.313] [main/DEBUG] [cpw.mods.modlauncher.TransformStore/MODLAUNCHER]: Adding transformer net.minecraftforge.coremod.transformer.CoreModClassTransformer@5626d18c to Target : CLASS {Lnet/minecraft/network/play/client/CClientSettingsPacket;} {} {V}
[23Mar2025 18:24:20.313] [main/DEBUG] [cpw.mods.modlauncher.TransformStore/MODLAUNCHER]: Adding transformer net.minecraftforge.coremod.transformer.CoreModClassTransformer@45e9b12d to Target : CLASS {Lnet/minecraft/world/entity/ai/village/VillageSiege;} {} {V}
[23Mar2025 18:24:20.313] [main/DEBUG] [cpw.mods.modlauncher.TransformStore/MODLAUNCHER]: Adding transformer net.minecraftforge.coremod.transformer.CoreModClassTransformer@45e9b12d to Target : CLASS {Lnet/minecraft/server/commands/SummonCommand;} {} {V}
[23Mar2025 18:24:20.313] [main/DEBUG] [cpw.mods.modlauncher.TransformStore/MODLAUNCHER]: Adding transformer net.minecraftforge.coremod.transformer.CoreModClassTransformer@45e9b12d to Target : CLASS {Lnet/minecraft/world/level/levelgen/structure/structures/WoodlandMansionPieces$WoodlandMansionPiece;} {} {V}
[23Mar2025 18:24:20.313] [main/DEBUG] [cpw.mods.modlauncher.TransformStore/MODLAUNCHER]: Adding transformer net.minecraftforge.coremod.transformer.CoreModClassTransformer@45e9b12d to Target : CLASS {Lnet/minecraft/world/level/levelgen/PatrolSpawner;} {} {V}
[23Mar2025 18:24:20.313] [main/DEBUG] [cpw.mods.modlauncher.TransformStore/MODLAUNCHER]: Adding transformer net.minecraftforge.coremod.transformer.CoreModClassTransformer@45e9b12d to Target : CLASS {Lnet/minecraft/world/entity/monster/Spider;} {} {V}
[23Mar2025 18:24:20.313] [main/DEBUG] [cpw.mods.modlauncher.TransformStore/MODLAUNCHER]: Adding transformer net.minecraftforge.coremod.transformer.CoreModClassTransformer@45e9b12d to Target : CLASS {Lnet/minecraft/world/entity/monster/Zombie;} {} {V}
[23Mar2025 18:24:20.314] [main/DEBUG] [cpw.mods.modlauncher.TransformStore/MODLAUNCHER]: Adding transformer net.minecraftforge.coremod.transformer.CoreModClassTransformer@45e9b12d to Target : CLASS {Lnet/minecraft/world/entity/npc/Villager;} {} {V}
[23Mar2025 18:24:20.314] [main/DEBUG] [cpw.mods.modlauncher.TransformStore/MODLAUNCHER]: Adding transformer net.minecraftforge.coremod.transformer.CoreModClassTransformer@45e9b12d to Target : CLASS {Lnet/minecraft/world/level/levelgen/structure/structures/SwampHutPiece;} {} {V}
[23Mar2025 18:24:20.314] [main/DEBUG] [cpw.mods.modlauncher.TransformStore/MODLAUNCHER]: Adding transformer net.minecraftforge.coremod.transformer.CoreModClassTransformer@45e9b12d to Target : CLASS {Lnet/minecraft/world/entity/raid/Raid;} {} {V}
[23Mar2025 18:24:20.314] [main/DEBUG] [cpw.mods.modlauncher.TransformStore/MODLAUNCHER]: Adding transformer net.minecraftforge.coremod.transformer.CoreModClassTransformer@45e9b12d to Target : CLASS {Lnet/minecraft/world/level/levelgen/structure/structures/OceanMonumentPieces$OceanMonumentPiece;} {} {V}
[23Mar2025 18:24:20.314] [main/DEBUG] [cpw.mods.modlauncher.TransformStore/MODLAUNCHER]: Adding transformer net.minecraftforge.coremod.transformer.CoreModClassTransformer@45e9b12d to Target : CLASS {Lnet/minecraft/world/level/levelgen/structure/templatesystem/StructureTemplate;} {} {V}
[23Mar2025 18:24:20.314] [main/DEBUG] [cpw.mods.modlauncher.TransformStore/MODLAUNCHER]: Adding transformer net.minecraftforge.coremod.transformer.CoreModClassTransformer@45e9b12d to Target : CLASS {Lnet/minecraft/world/entity/animal/frog/Tadpole;} {} {V}
[23Mar2025 18:24:20.314] [main/DEBUG] [cpw.mods.modlauncher.TransformStore/MODLAUNCHER]: Adding transformer net.minecraftforge.coremod.transformer.CoreModClassTransformer@45e9b12d to Target : CLASS {Lnet/minecraft/world/entity/monster/Evoker$EvokerSummonSpellGoal;} {} {V}
[23Mar2025 18:24:20.314] [main/DEBUG] [cpw.mods.modlauncher.TransformStore/MODLAUNCHER]: Adding transformer net.minecraftforge.coremod.transformer.CoreModClassTransformer@45e9b12d to Target : CLASS {Lnet/minecraft/world/level/NaturalSpawner;} {} {V}
[23Mar2025 18:24:20.315] [main/DEBUG] [cpw.mods.modlauncher.TransformStore/MODLAUNCHER]: Adding transformer net.minecraftforge.coremod.transformer.CoreModClassTransformer@45e9b12d to Target : CLASS {Lnet/minecraft/world/level/levelgen/structure/structures/OceanRuinPieces$OceanRuinPiece;} {} {V}
[23Mar2025 18:24:20.315] [main/DEBUG] [cpw.mods.modlauncher.TransformStore/MODLAUNCHER]: Adding transformer net.minecraftforge.coremod.transformer.CoreModClassTransformer@45e9b12d to Target : CLASS {Lnet/minecraft/world/entity/npc/CatSpawner;} {} {V}
[23Mar2025 18:24:20.315] [main/DEBUG] [cpw.mods.modlauncher.TransformStore/MODLAUNCHER]: Adding transformer net.minecraftforge.coremod.transformer.CoreModClassTransformer@45e9b12d to Target : CLASS {Lnet/minecraft/world/entity/animal/horse/SkeletonTrapGoal;} {} {V}
[23Mar2025 18:24:20.315] [main/DEBUG] [cpw.mods.modlauncher.TransformStore/MODLAUNCHER]: Adding transformer net.minecraftforge.coremod.transformer.CoreModClassTransformer@45e9b12d to Target : CLASS {Lnet/minecraft/world/entity/monster/ZombieVillager;} {} {V}
[23Mar2025 18:24:20.315] [main/DEBUG] [cpw.mods.modlauncher.TransformStore/MODLAUNCHER]: Adding transformer net.minecraftforge.coremod.transformer.CoreModClassTransformer@45e9b12d to Target : CLASS {Lnet/minecraft/server/commands/RaidCommand;} {} {V}
[23Mar2025 18:24:20.315] [main/DEBUG] [cpw.mods.modlauncher.TransformStore/MODLAUNCHER]: Adding transformer net.minecraftforge.coremod.transformer.CoreModClassTransformer@45e9b12d to Target : CLASS {Lnet/minecraft/world/entity/EntityType;} {} {V}
[23Mar2025 18:24:20.315] [main/DEBUG] [cpw.mods.modlauncher.TransformStore/MODLAUNCHER]: Adding transformer net.minecraftforge.coremod.transformer.CoreModClassTransformer@45e9b12d to Target : CLASS {Lnet/minecraft/world/level/levelgen/PhantomSpawner;} {} {V}
[23Mar2025 18:24:20.316] [main/DEBUG] [cpw.mods.modlauncher.TransformStore/MODLAUNCHER]: Adding transformer net.minecraftforge.coremod.transformer.CoreModClassTransformer@45e9b12d to Target : CLASS {Lnet/minecraft/world/entity/monster/Strider;} {} {V}
[23Mar2025 18:24:20.316] [main/DEBUG] [cpw.mods.modlauncher.TransformationServiceDecorator/MODLAUNCHER]: Initialized transformers for transformation service fml
[23Mar2025 18:24:21.216] [main/DEBUG] [mixin/]: Processing prepare() for PlatformAgent[MixinPlatformAgentDefault:ModLauncher Root Container(ModLauncher:4f56a0a2)]
[23Mar2025 18:24:21.216] [main/DEBUG] [mixin/]: Processing launch tasks for PlatformAgent[MixinPlatformAgentDefault:ModLauncher Root Container(ModLauncher:4f56a0a2)]
[23Mar2025 18:24:21.216] [main/DEBUG] [mixin/]: Adding mixin platform agents for container SecureJarResource(photon)
[23Mar2025 18:24:21.216] [main/DEBUG] [mixin/]: Instancing new MixinPlatformAgentMinecraftForge for SecureJarResource(photon)
[23Mar2025 18:24:21.216] [main/DEBUG] [mixin/]: MixinPlatformAgentMinecraftForge rejected container SecureJarResource(photon)
[23Mar2025 18:24:21.216] [main/DEBUG] [mixin/]: Instancing new MixinPlatformAgentDefault for SecureJarResource(photon)
[23Mar2025 18:24:21.216] [main/DEBUG] [mixin/]: MixinPlatformAgentDefault accepted container SecureJarResource(photon)
[23Mar2025 18:24:21.217] [main/DEBUG] [mixin/]: Processing prepare() for PlatformAgent[MixinPlatformAgentDefault:SecureJarResource(photon)]
[23Mar2025 18:24:21.217] [main/DEBUG] [mixin/]: Registering mixin config: photon-common.mixins.json
[23Mar2025 18:24:21.251] [main/DEBUG] [mixin/]: Compatibility level JAVA_17 specified by photon-common.mixins.json is higher than the maximum level supported by this version of mixin (JAVA_13).
[23Mar2025 18:24:21.297] [main/INFO] [mixin/]: Compatibility level set to JAVA_17
[23Mar2025 18:24:21.297] [main/DEBUG] [mixin/]: Registering mixin config: photon.mixins.json
[23Mar2025 18:24:21.300] [main/DEBUG] [mixin/]: Adding mixin platform agents for container SecureJarResource(minecraft)
[23Mar2025 18:24:21.300] [main/DEBUG] [mixin/]: Instancing new MixinPlatformAgentMinecraftForge for SecureJarResource(minecraft)
[23Mar2025 18:24:21.300] [main/DEBUG] [mixin/]: MixinPlatformAgentMinecraftForge rejected container SecureJarResource(minecraft)
[23Mar2025 18:24:21.301] [main/DEBUG] [mixin/]: Instancing new MixinPlatformAgentDefault for SecureJarResource(minecraft)
[23Mar2025 18:24:21.301] [main/DEBUG] [mixin/]: MixinPlatformAgentDefault accepted container SecureJarResource(minecraft)
[23Mar2025 18:24:21.302] [main/DEBUG] [mixin/]: Processing prepare() for PlatformAgent[MixinPlatformAgentDefault:SecureJarResource(minecraft)]
[23Mar2025 18:24:21.302] [main/DEBUG] [mixin/]: Adding mixin platform agents for container SecureJarResource(forge)
[23Mar2025 18:24:21.302] [main/DEBUG] [mixin/]: Instancing new MixinPlatformAgentMinecraftForge for SecureJarResource(forge)
[23Mar2025 18:24:21.302] [main/DEBUG] [mixin/]: MixinPlatformAgentMinecraftForge rejected container SecureJarResource(forge)
[23Mar2025 18:24:21.302] [main/DEBUG] [mixin/]: Instancing new MixinPlatformAgentDefault for SecureJarResource(forge)
[23Mar2025 18:24:21.302] [main/DEBUG] [mixin/]: MixinPlatformAgentDefault accepted container SecureJarResource(forge)
[23Mar2025 18:24:21.302] [main/DEBUG] [mixin/]: Processing prepare() for PlatformAgent[MixinPlatformAgentDefault:SecureJarResource(forge)]
[23Mar2025 18:24:21.302] [main/DEBUG] [mixin/]: Adding mixin platform agents for container SecureJarResource(geckolib)
[23Mar2025 18:24:21.302] [main/DEBUG] [mixin/]: Instancing new MixinPlatformAgentMinecraftForge for SecureJarResource(geckolib)
[23Mar2025 18:24:21.302] [main/DEBUG] [mixin/]: MixinPlatformAgentMinecraftForge rejected container SecureJarResource(geckolib)
[23Mar2025 18:24:21.303] [main/DEBUG] [mixin/]: Instancing new MixinPlatformAgentDefault for SecureJarResource(geckolib)
[23Mar2025 18:24:21.303] [main/DEBUG] [mixin/]: MixinPlatformAgentDefault accepted container SecureJarResource(geckolib)
[23Mar2025 18:24:21.303] [main/DEBUG] [mixin/]: Processing prepare() for PlatformAgent[MixinPlatformAgentDefault:SecureJarResource(geckolib)]
[23Mar2025 18:24:21.303] [main/DEBUG] [mixin/]: Registering mixin config: geckolib.mixins.json
[23Mar2025 18:24:21.305] [main/DEBUG] [mixin/]: Adding mixin platform agents for container SecureJarResource(ldlib)
[23Mar2025 18:24:21.306] [main/DEBUG] [mixin/]: Instancing new MixinPlatformAgentMinecraftForge for SecureJarResource(ldlib)
[23Mar2025 18:24:21.306] [main/DEBUG] [mixin/]: MixinPlatformAgentMinecraftForge rejected container SecureJarResource(ldlib)
[23Mar2025 18:24:21.306] [main/DEBUG] [mixin/]: Instancing new MixinPlatformAgentDefault for SecureJarResource(ldlib)
[23Mar2025 18:24:21.307] [main/DEBUG] [mixin/]: MixinPlatformAgentDefault accepted container SecureJarResource(ldlib)
[23Mar2025 18:24:21.307] [main/DEBUG] [mixin/]: Processing prepare() for PlatformAgent[MixinPlatformAgentDefault:SecureJarResource(ldlib)]
[23Mar2025 18:24:21.307] [main/DEBUG] [mixin/]: Registering mixin config: ldlib-common.mixins.json
[23Mar2025 18:24:21.309] [main/DEBUG] [mixin/]: Registering mixin config: ldlib.mixins.json
[23Mar2025 18:24:21.311] [main/DEBUG] [mixin/]: Adding mixin platform agents for container SecureJarResource(playeranimator)
[23Mar2025 18:24:21.312] [main/DEBUG] [mixin/]: Instancing new MixinPlatformAgentMinecraftForge for SecureJarResource(playeranimator)
[23Mar2025 18:24:21.312] [main/DEBUG] [mixin/]: MixinPlatformAgentMinecraftForge rejected container SecureJarResource(playeranimator)
[23Mar2025 18:24:21.312] [main/DEBUG] [mixin/]: Instancing new MixinPlatformAgentDefault for SecureJarResource(playeranimator)
[23Mar2025 18:24:21.312] [main/DEBUG] [mixin/]: MixinPlatformAgentDefault accepted container SecureJarResource(playeranimator)
[23Mar2025 18:24:21.313] [main/DEBUG] [mixin/]: Processing prepare() for PlatformAgent[MixinPlatformAgentDefault:SecureJarResource(playeranimator)]
[23Mar2025 18:24:21.314] [main/DEBUG] [mixin/]: Registering mixin config: playerAnimator-common.mixins.json
[23Mar2025 18:24:21.316] [main/DEBUG] [mixin/]: Compatibility level JAVA_16 specified by playerAnimator-common.mixins.json is higher than the maximum level supported by this version of mixin (JAVA_13).
[23Mar2025 18:24:21.316] [main/DEBUG] [mixin/]: Adding mixin platform agents for container SecureJarResource(kaijucraft)
[23Mar2025 18:24:21.316] [main/DEBUG] [mixin/]: Instancing new MixinPlatformAgentMinecraftForge for SecureJarResource(kaijucraft)
[23Mar2025 18:24:21.316] [main/DEBUG] [mixin/]: MixinPlatformAgentMinecraftForge rejected container SecureJarResource(kaijucraft)
[23Mar2025 18:24:21.316] [main/DEBUG] [mixin/]: Instancing new MixinPlatformAgentDefault for SecureJarResource(kaijucraft)
[23Mar2025 18:24:21.316] [main/DEBUG] [mixin/]: MixinPlatformAgentDefault accepted container SecureJarResource(kaijucraft)
[23Mar2025 18:24:21.317] [main/DEBUG] [mixin/]: Processing prepare() for PlatformAgent[MixinPlatformAgentDefault:SecureJarResource(kaijucraft)]
[23Mar2025 18:24:21.317] [main/DEBUG] [mixin/]: Adding mixin platform agents for container SecureJarResource(mclib)
[23Mar2025 18:24:21.317] [main/DEBUG] [mixin/]: Instancing new MixinPlatformAgentMinecraftForge for SecureJarResource(mclib)
[23Mar2025 18:24:21.317] [main/DEBUG] [mixin/]: MixinPlatformAgentMinecraftForge rejected container SecureJarResource(mclib)
[23Mar2025 18:24:21.317] [main/DEBUG] [mixin/]: Instancing new MixinPlatformAgentDefault for SecureJarResource(mclib)
[23Mar2025 18:24:21.317] [main/DEBUG] [mixin/]: MixinPlatformAgentDefault accepted container SecureJarResource(mclib)
[23Mar2025 18:24:21.317] [main/DEBUG] [mixin/]: Processing prepare() for PlatformAgent[MixinPlatformAgentDefault:SecureJarResource(mclib)]
[23Mar2025 18:24:21.317] [main/DEBUG] [mixin/]: inject() running with 9 agents
[23Mar2025 18:24:21.317] [main/DEBUG] [mixin/]: Processing inject() for PlatformAgent[MixinPlatformAgentDefault:ModLauncher Root Container(ModLauncher:4f56a0a2)]
[23Mar2025 18:24:21.318] [main/DEBUG] [mixin/]: Processing inject() for PlatformAgent[MixinPlatformAgentDefault:SecureJarResource(photon)]
[23Mar2025 18:24:21.318] [main/DEBUG] [mixin/]: Processing inject() for PlatformAgent[MixinPlatformAgentDefault:SecureJarResource(minecraft)]
[23Mar2025 18:24:21.318] [main/DEBUG] [mixin/]: Processing inject() for PlatformAgent[MixinPlatformAgentDefault:SecureJarResource(forge)]
[23Mar2025 18:24:21.318] [main/DEBUG] [mixin/]: Processing inject() for PlatformAgent[MixinPlatformAgentDefault:SecureJarResource(geckolib)]
[23Mar2025 18:24:21.318] [main/DEBUG] [mixin/]: Processing inject() for PlatformAgent[MixinPlatformAgentDefault:SecureJarResource(ldlib)]
[23Mar2025 18:24:21.318] [main/DEBUG] [mixin/]: Processing inject() for PlatformAgent[MixinPlatformAgentDefault:SecureJarResource(playeranimator)]
[23Mar2025 18:24:21.318] [main/DEBUG] [mixin/]: Processing inject() for PlatformAgent[MixinPlatformAgentDefault:SecureJarResource(kaijucraft)]
[23Mar2025 18:24:21.318] [main/DEBUG] [mixin/]: Processing inject() for PlatformAgent[MixinPlatformAgentDefault:SecureJarResource(mclib)]
[23Mar2025 18:24:21.318] [main/INFO] [cpw.mods.modlauncher.LaunchServiceHandler/MODLAUNCHER]: Launching target 'forgedatauserdev' with arguments [--gameDir, ., --assetsDir, C:\Users\Dimitrios Passias\.gradle\caches\forge_gradle\assets, --assetIndex, 5, --mod, kaijucraft, --all, --output, E:\Users\Dimitrios\Downloads\KaijuCraft\src\generated\resources, --existing, E:\Users\Dimitrios\Downloads\KaijuCraft\src\main\resources]
[23Mar2025 18:24:23.037] [main/DEBUG] [mixin/]: Error cleaning class output directory: .mixin.out
[23Mar2025 18:24:23.038] [main/DEBUG] [mixin/]: Preparing mixins for MixinEnvironment[DEFAULT]
[23Mar2025 18:24:23.038] [main/DEBUG] [mixin/]: Selecting config photon-common.mixins.json
[23Mar2025 18:24:23.291] [main/INFO] [mixin/]: Remapping refMap photon-common-1.20.1-photon-common-refmap.json using E:\Users\Dimitrios\Downloads\KaijuCraft\build\createSrgToMcp\output.srg
[23Mar2025 18:24:23.291] [main/DEBUG] [mixin/]: Selecting config photon.mixins.json
[23Mar2025 18:24:23.299] [main/INFO] [mixin/]: Remapping refMap photon-forge-1.20.1-photon-forge-refmap.json using E:\Users\Dimitrios\Downloads\KaijuCraft\build\createSrgToMcp\output.srg
[23Mar2025 18:24:23.299] [main/DEBUG] [mixin/]: Selecting config geckolib.mixins.json
[23Mar2025 18:24:23.299] [main/INFO] [mixin/]: Remapping refMap geckolib.refmap.json using E:\Users\Dimitrios\Downloads\KaijuCraft\build\createSrgToMcp\output.srg
[23Mar2025 18:24:23.299] [main/DEBUG] [mixin/]: Selecting config ldlib-common.mixins.json
[23Mar2025 18:24:23.302] [main/INFO] [mixin/]: Remapping refMap ldlib-common-1.20.1-ldlib-common-refmap.json using E:\Users\Dimitrios\Downloads\KaijuCraft\build\createSrgToMcp\output.srg
[23Mar2025 18:24:23.302] [main/DEBUG] [mixin/]: Selecting config ldlib.mixins.json
[23Mar2025 18:24:23.303] [main/INFO] [mixin/]: Remapping refMap ldlib-forge-1.20.1-ldlib-forge-refmap.json using E:\Users\Dimitrios\Downloads\KaijuCraft\build\createSrgToMcp\output.srg
[23Mar2025 18:24:23.303] [main/DEBUG] [mixin/]: Selecting config playerAnimator-common.mixins.json
[23Mar2025 18:24:23.305] [main/INFO] [mixin/]: Remapping refMap player-animation-lib-minecraft_common-refmap.json using E:\Users\Dimitrios\Downloads\KaijuCraft\build\createSrgToMcp\output.srg
[23Mar2025 18:24:23.306] [main/DEBUG] [mixin/]: Preparing photon-common.mixins.json (5)
[23Mar2025 18:24:23.383] [main/DEBUG] [mixin/]: Preparing photon.mixins.json (3)
[23Mar2025 18:24:23.400] [main/DEBUG] [mixin/]: Preparing geckolib.mixins.json (1)
[23Mar2025 18:24:23.403] [main/DEBUG] [mixin/]: Preparing ldlib-common.mixins.json (29)
[23Mar2025 18:24:23.443] [main/DEBUG] [mixin/]: Preparing ldlib.mixins.json (1)
[23Mar2025 18:24:23.444] [main/DEBUG] [mixin/]: Preparing playerAnimator-common.mixins.json (14)
[23Mar2025 18:24:23.527] [main/DEBUG] [mixin/]: Registering new injector for @Inject with org.spongepowered.asm.mixin.injection.struct.CallbackInjectionInfo
[23Mar2025 18:24:23.535] [main/DEBUG] [mixin/]: Registering new injector for @ModifyArg with org.spongepowered.asm.mixin.injection.struct.ModifyArgInjectionInfo
[23Mar2025 18:24:23.537] [main/DEBUG] [mixin/]: Registering new injector for @ModifyArgs with org.spongepowered.asm.mixin.injection.struct.ModifyArgsInjectionInfo
[23Mar2025 18:24:23.545] [main/DEBUG] [mixin/]: Registering new injector for @Redirect with org.spongepowered.asm.mixin.injection.struct.RedirectInjectionInfo
[23Mar2025 18:24:23.548] [main/DEBUG] [mixin/]: Registering new injector for @ModifyVariable with org.spongepowered.asm.mixin.injection.struct.ModifyVariableInjectionInfo
[23Mar2025 18:24:23.551] [main/DEBUG] [mixin/]: Registering new injector for @ModifyConstant with org.spongepowered.asm.mixin.injection.struct.ModifyConstantInjectionInfo
[23Mar2025 18:24:23.597] [main/DEBUG] [mixin/]: Inner class com/lowdragmc/lowdraglib/core/mixins/ItemModelShaperMixin$1 in com/lowdragmc/lowdraglib/core/mixins/ItemModelShaperMixin on net/minecraft/client/renderer/ItemModelShaper gets unique name net/minecraft/client/renderer/ItemModelShaper$Anonymous$3630f39131164f4698dbfb2a20769dd1
[23Mar2025 18:24:23.608] [main/DEBUG] [mixin/]: Prepared 42 mixins in 0.565 sec (13.5ms avg) (0ms load, 0ms transform, 0ms plugin)
[23Mar2025 18:24:23.787] [main/DEBUG] [io.netty.util.internal.logging.InternalLoggerFactory/]: Using SLF4J as the default logging framework
[23Mar2025 18:24:23.801] [main/DEBUG] [io.netty.util.ResourceLeakDetector/]: -Dio.netty.leakDetection.level: simple
[23Mar2025 18:24:23.801] [main/DEBUG] [io.netty.util.ResourceLeakDetector/]: -Dio.netty.leakDetection.targetRecords: 4
[23Mar2025 18:24:23.944] [main/INFO] [net.minecraftforge.data.loading.DatagenModLoader/]: Initializing Data Gatherer for mods [kaijucraft]
[23Mar2025 18:24:24.120] [main/DEBUG] [mixin/]: Mixing PlayerEntityMixin from playerAnimator-common.mixins.json into net.minecraft.world.entity.player.Player
[23Mar2025 18:24:24.156] [main/DEBUG] [mixin/]: playerAnimator-common.mixins.json:PlayerEntityMixin: Class version 61 required is higher than the class version supported by the current version of Mixin (JAVA_16 supports class version 60)
[23Mar2025 18:24:24.475] [main/DEBUG] [net.minecraftforge.coremod.transformer.CoreModBaseTransformer/COREMOD]: Transforming net/minecraft/world/entity/EntityType
[23Mar2025 18:24:24.970] [main/DEBUG] [net.minecraftforge.coremod.transformer.CoreModBaseTransformer/COREMOD]: Transforming net/minecraft/world/level/block/LiquidBlock
[23Mar2025 18:24:25.012] [main/DEBUG] [net.minecraftforge.coremod.transformer.CoreModBaseTransformer/COREMOD]: Transforming net/minecraft/world/level/block/StairBlock
[23Mar2025 18:24:25.117] [main/DEBUG] [net.minecraftforge.coremod.transformer.CoreModBaseTransformer/COREMOD]: Transforming net/minecraft/world/level/block/FlowerPotBlock
[23Mar2025 18:24:25.340] [main/DEBUG] [mixin/]: Mixing BlockEntityMixin from ldlib-common.mixins.json into net.minecraft.world.level.block.entity.BlockEntity
[23Mar2025 18:24:25.907] [main/DEBUG] [mixin/]: Mixing accessor.AbstractContainerMenuAccessor from ldlib-common.mixins.json into net.minecraft.world.inventory.AbstractContainerMenu
[23Mar2025 18:24:26.190] [main/DEBUG] [net.minecraftforge.coremod.transformer.CoreModBaseTransformer/COREMOD]: Transforming net/minecraft/world/item/ItemStack
[23Mar2025 18:24:26.841] [main/DEBUG] [net.minecraftforge.coremod.transformer.CoreModBaseTransformer/COREMOD]: Transforming net/minecraft/world/entity/animal/frog/Tadpole
[23Mar2025 18:24:26.935] [main/DEBUG] [net.minecraftforge.coremod.transformer.CoreModBaseTransformer/COREMOD]: Transforming net/minecraft/world/item/BucketItem
[23Mar2025 18:24:27.859] [main/DEBUG] [net.minecraftforge.coremod.transformer.CoreModBaseTransformer/COREMOD]: Transforming net/minecraft/world/entity/monster/Spider
[23Mar2025 18:24:27.907] [main/DEBUG] [net.minecraftforge.coremod.transformer.CoreModBaseTransformer/COREMOD]: Transforming net/minecraft/world/entity/monster/Zombie
[23Mar2025 18:24:27.951] [main/DEBUG] [net.minecraftforge.coremod.transformer.CoreModBaseTransformer/COREMOD]: Transforming net/minecraft/world/entity/monster/ZombieVillager
[23Mar2025 18:24:28.034] [main/DEBUG] [net.minecraftforge.coremod.transformer.CoreModBaseTransformer/COREMOD]: Transforming net/minecraft/world/entity/monster/Evoker$EvokerSummonSpellGoal
[23Mar2025 18:24:28.297] [main/DEBUG] [net.minecraftforge.coremod.transformer.CoreModBaseTransformer/COREMOD]: Transforming net/minecraft/world/entity/animal/horse/SkeletonTrapGoal
[23Mar2025 18:24:28.343] [main/DEBUG] [net.minecraftforge.coremod.transformer.CoreModBaseTransformer/COREMOD]: Transforming net/minecraft/world/entity/monster/Strider
[23Mar2025 18:24:29.170] [main/DEBUG] [mixin/]: Mixing accessor.ServerPlayerAccessor from ldlib-common.mixins.json into net.minecraft.server.level.ServerPlayer
[23Mar2025 18:24:29.318] [main/DEBUG] [net.minecraftforge.coremod.transformer.CoreModBaseTransformer/COREMOD]: Transforming net/minecraft/world/entity/npc/Villager
[23Mar2025 18:24:29.402] [main/DEBUG] [net.minecraftforge.coremod.transformer.CoreModBaseTransformer/COREMOD]: Transforming net/minecraft/world/effect/MobEffectInstance
[23Mar2025 18:24:30.848] [main/DEBUG] [mixin/]: Mixing accessor.SlotAccessor from ldlib-common.mixins.json into net.minecraft.world.inventory.Slot
[23Mar2025 18:24:31.145] [main/DEBUG] [net.minecraftforge.coremod.transformer.CoreModBaseTransformer/COREMOD]: Transforming net/minecraft/world/level/levelgen/structure/Structure
[23Mar2025 18:24:31.173] [main/DEBUG] [net.minecraftforge.coremod.transformer.CoreModBaseTransformer/COREMOD]: Transforming net/minecraft/world/level/levelgen/structure/structures/OceanRuinPieces$OceanRuinPiece
[23Mar2025 18:24:31.184] [main/DEBUG] [net.minecraftforge.coremod.transformer.CoreModBaseTransformer/COREMOD]: Transforming net/minecraft/world/level/levelgen/structure/structures/SwampHutPiece
[23Mar2025 18:24:31.191] [main/DEBUG] [net.minecraftforge.coremod.transformer.CoreModBaseTransformer/COREMOD]: Transforming net/minecraft/world/level/levelgen/structure/structures/OceanMonumentPieces$OceanMonumentPiece
[23Mar2025 18:24:31.204] [main/DEBUG] [net.minecraftforge.coremod.transformer.CoreModBaseTransformer/COREMOD]: Transforming net/minecraft/world/level/levelgen/structure/structures/WoodlandMansionPieces$WoodlandMansionPiece
[23Mar2025 18:24:31.350] [main/DEBUG] [net.minecraftforge.coremod.transformer.CoreModBaseTransformer/COREMOD]: Transforming net/minecraft/world/level/biome/Biome
[23Mar2025 18:24:31.584] [main/DEBUG] [net.minecraftforge.registries.GameData/REGISTRIES]: Creating vanilla freeze snapshot
[23Mar2025 18:24:31.586] [main/DEBUG] [net.minecraftforge.registries.ForgeRegistry/REGISTRIES]: Registry minecraft:block Sync: VANILLA -> ACTIVE
[23Mar2025 18:24:31.599] [main/DEBUG] [net.minecraftforge.registries.ForgeRegistry/REGISTRIES]: Registry minecraft:fluid Sync: VANILLA -> ACTIVE
[23Mar2025 18:24:31.600] [main/DEBUG] [net.minecraftforge.registries.ForgeRegistry/REGISTRIES]: Registry minecraft:item Sync: VANILLA -> ACTIVE
[23Mar2025 18:24:31.609] [main/DEBUG] [net.minecraftforge.registries.ForgeRegistry/REGISTRIES]: Registry minecraft:mob_effect Sync: VANILLA -> ACTIVE
[23Mar2025 18:24:31.609] [main/DEBUG] [net.minecraftforge.registries.ForgeRegistry/REGISTRIES]: Registry minecraft:sound_event Sync: VANILLA -> ACTIVE
[23Mar2025 18:24:31.618] [main/DEBUG] [net.minecraftforge.registries.ForgeRegistry/REGISTRIES]: Registry minecraft:potion Sync: VANILLA -> ACTIVE
[23Mar2025 18:24:31.619] [main/DEBUG] [net.minecraftforge.registries.ForgeRegistry/REGISTRIES]: Registry minecraft:enchantment Sync: VANILLA -> ACTIVE
[23Mar2025 18:24:31.620] [main/DEBUG] [net.minecraftforge.registries.ForgeRegistry/REGISTRIES]: Registry minecraft:entity_type Sync: VANILLA -> ACTIVE
[23Mar2025 18:24:31.621] [main/DEBUG] [net.minecraftforge.registries.ForgeRegistry/REGISTRIES]: Registry minecraft:block_entity_type Sync: VANILLA -> ACTIVE
[23Mar2025 18:24:31.621] [main/DEBUG] [net.minecraftforge.registries.ForgeRegistry/REGISTRIES]: Registry minecraft:particle_type Sync: VANILLA -> ACTIVE
[23Mar2025 18:24:31.623] [main/DEBUG] [net.minecraftforge.registries.ForgeRegistry/REGISTRIES]: Registry minecraft:menu Sync: VANILLA -> ACTIVE
[23Mar2025 18:24:31.623] [main/DEBUG] [net.minecraftforge.registries.ForgeRegistry/REGISTRIES]: Registry minecraft:painting_variant Sync: VANILLA -> ACTIVE
[23Mar2025 18:24:31.624] [main/DEBUG] [net.minecraftforge.registries.ForgeRegistry/REGISTRIES]: Registry minecraft:recipe_type Sync: VANILLA -> ACTIVE
[23Mar2025 18:24:31.625] [main/DEBUG] [net.minecraftforge.registries.ForgeRegistry/REGISTRIES]: Registry minecraft:recipe_serializer Sync: VANILLA -> ACTIVE
[23Mar2025 18:24:31.625] [main/DEBUG] [net.minecraftforge.registries.ForgeRegistry/REGISTRIES]: Registry minecraft:attribute Sync: VANILLA -> ACTIVE
[23Mar2025 18:24:31.625] [main/DEBUG] [net.minecraftforge.registries.ForgeRegistry/REGISTRIES]: Registry minecraft:stat_type Sync: VANILLA -> ACTIVE
[23Mar2025 18:24:31.625] [main/DEBUG] [net.minecraftforge.registries.ForgeRegistry/REGISTRIES]: Registry minecraft:command_argument_type Sync: VANILLA -> ACTIVE
[23Mar2025 18:24:31.626] [main/DEBUG] [net.minecraftforge.registries.ForgeRegistry/REGISTRIES]: Registry minecraft:villager_profession Sync: VANILLA -> ACTIVE
[23Mar2025 18:24:31.626] [main/DEBUG] [net.minecraftforge.registries.ForgeRegistry/REGISTRIES]: Registry minecraft:point_of_interest_type Sync: VANILLA -> ACTIVE
[23Mar2025 18:24:31.628] [main/DEBUG] [net.minecraftforge.registries.ForgeRegistry/REGISTRIES]: Registry minecraft:memory_module_type Sync: VANILLA -> ACTIVE
[23Mar2025 18:24:31.630] [main/DEBUG] [net.minecraftforge.registries.ForgeRegistry/REGISTRIES]: Registry minecraft:sensor_type Sync: VANILLA -> ACTIVE
[23Mar2025 18:24:31.630] [main/DEBUG] [net.minecraftforge.registries.ForgeRegistry/REGISTRIES]: Registry minecraft:schedule Sync: VANILLA -> ACTIVE
[23Mar2025 18:24:31.630] [main/DEBUG] [net.minecraftforge.registries.ForgeRegistry/REGISTRIES]: Registry minecraft:activity Sync: VANILLA -> ACTIVE
[23Mar2025 18:24:31.631] [main/DEBUG] [net.minecraftforge.registries.ForgeRegistry/REGISTRIES]: Registry minecraft:worldgen/carver Sync: VANILLA -> ACTIVE
[23Mar2025 18:24:31.631] [main/DEBUG] [net.minecraftforge.registries.ForgeRegistry/REGISTRIES]: Registry minecraft:worldgen/feature Sync: VANILLA -> ACTIVE
[23Mar2025 18:24:31.631] [main/DEBUG] [net.minecraftforge.registries.ForgeRegistry/REGISTRIES]: Registry minecraft:chunk_status Sync: VANILLA -> ACTIVE
[23Mar2025 18:24:31.631] [main/DEBUG] [net.minecraftforge.registries.ForgeRegistry/REGISTRIES]: Registry minecraft:worldgen/block_state_provider_type Sync: VANILLA -> ACTIVE
[23Mar2025 18:24:31.632] [main/DEBUG] [net.minecraftforge.registries.ForgeRegistry/REGISTRIES]: Registry minecraft:worldgen/foliage_placer_type Sync: VANILLA -> ACTIVE
[23Mar2025 18:24:31.632] [main/DEBUG] [net.minecraftforge.registries.ForgeRegistry/REGISTRIES]: Registry minecraft:worldgen/tree_decorator_type Sync: VANILLA -> ACTIVE
[23Mar2025 18:24:31.632] [main/DEBUG] [net.minecraftforge.registries.ForgeRegistry/REGISTRIES]: Registry minecraft:worldgen/biome Sync: VANILLA -> ACTIVE
[23Mar2025 18:24:31.639] [main/DEBUG] [net.minecraftforge.registries.GameData/REGISTRIES]: Vanilla freeze snapshot created
[23Mar2025 18:24:31.685] [main/DEBUG] [net.minecraftforge.fml.ModWorkManager/LOADING]: Using 16 threads for parallel mod-loading
[23Mar2025 18:24:31.702] [main/DEBUG] [net.minecraftforge.fml.javafmlmod.FMLJavaModLanguageProvider/LOADING]: Loading FMLModContainer from classloader cpw.mods.modlauncher.TransformingClassLoader@34d45ec0 - got cpw.mods.cl.ModuleClassLoader@3bcd426c
[23Mar2025 18:24:31.704] [main/DEBUG] [net.minecraftforge.fml.javafmlmod.FMLModContainer/LOADING]: Creating FMLModContainer instance for com.lowdragmc.photon.forge.PhotonImpl
[23Mar2025 18:24:31.733] [main/DEBUG] [net.minecraftforge.fml.javafmlmod.FMLJavaModLanguageProvider/LOADING]: Loading FMLModContainer from classloader cpw.mods.modlauncher.TransformingClassLoader@34d45ec0 - got cpw.mods.cl.ModuleClassLoader@3bcd426c
[23Mar2025 18:24:31.733] [main/DEBUG] [net.minecraftforge.fml.javafmlmod.FMLModContainer/LOADING]: Creating FMLModContainer instance for net.minecraftforge.common.ForgeMod
[23Mar2025 18:24:31.739] [main/DEBUG] [net.minecraftforge.fml.javafmlmod.FMLJavaModLanguageProvider/LOADING]: Loading FMLModContainer from classloader cpw.mods.modlauncher.TransformingClassLoader@34d45ec0 - got cpw.mods.cl.ModuleClassLoader@3bcd426c
[23Mar2025 18:24:31.740] [main/DEBUG] [net.minecraftforge.fml.javafmlmod.FMLModContainer/LOADING]: Creating FMLModContainer instance for software.bernie.example.GeckoLibMod
[23Mar2025 18:24:31.741] [main/DEBUG] [net.minecraftforge.fml.javafmlmod.FMLJavaModLanguageProvider/LOADING]: Loading FMLModContainer from classloader cpw.mods.modlauncher.TransformingClassLoader@34d45ec0 - got cpw.mods.cl.ModuleClassLoader@3bcd426c
[23Mar2025 18:24:31.741] [main/DEBUG] [net.minecraftforge.fml.javafmlmod.FMLModContainer/LOADING]: Creating FMLModContainer instance for com.lowdragmc.lowdraglib.forge.LDLibForge
[23Mar2025 18:24:31.742] [main/DEBUG] [net.minecraftforge.fml.javafmlmod.FMLJavaModLanguageProvider/LOADING]: Loading FMLModContainer from classloader cpw.mods.modlauncher.TransformingClassLoader@34d45ec0 - got cpw.mods.cl.ModuleClassLoader@3bcd426c
[23Mar2025 18:24:31.742] [main/DEBUG] [net.minecraftforge.fml.javafmlmod.FMLModContainer/LOADING]: Creating FMLModContainer instance for dev.kosmx.playerAnim.forge.ForgeModInterface
[23Mar2025 18:24:31.743] [main/DEBUG] [net.minecraftforge.fml.javafmlmod.FMLJavaModLanguageProvider/LOADING]: Loading FMLModContainer from classloader cpw.mods.modlauncher.TransformingClassLoader@34d45ec0 - got cpw.mods.cl.ModuleClassLoader@3bcd426c
[23Mar2025 18:24:31.743] [main/DEBUG] [net.minecraftforge.fml.javafmlmod.FMLModContainer/LOADING]: Creating FMLModContainer instance for com.kingtyphon.kaijucraft.KaijuCraft
[23Mar2025 18:24:31.803] [modloading-worker-0/INFO] [Photon/]: Photon is initializing on platform: Forge
[23Mar2025 18:24:31.804] [modloading-worker-0/DEBUG] [net.minecraftforge.fml.javafmlmod.AutomaticEventSubscriber/LOADING]: Attempting to inject @EventBusSubscriber classes into the eventbus for playeranimator
[23Mar2025 18:24:31.814] [modloading-worker-0/INFO] [LowDragLib/]: LowDragLib is initializing on platform: Forge
[23Mar2025 18:24:31.814] [modloading-worker-0/INFO] [LowDragLib/]: create ldlib config folder
[23Mar2025 18:24:31.827] [modloading-worker-0/DEBUG] [net.minecraftforge.fml.javafmlmod.AutomaticEventSubscriber/LOADING]: Auto-subscribing dev.kosmx.playerAnim.forge.ForgeClientEvent to MOD
[23Mar2025 18:24:31.832] [modloading-worker-0/DEBUG] [mixin/]: Mixing accessor.MinecraftAccessor from photon-common.mixins.json into net.minecraft.client.Minecraft
[23Mar2025 18:24:31.839] [modloading-worker-0/DEBUG] [mixin/]: Renaming @Accessor method getFps()I to getFps_$md$9bc0a4$0 in photon-common.mixins.json:accessor.MinecraftAccessor
[23Mar2025 18:24:31.853] [modloading-worker-0/DEBUG] [mixin/]: Mixing ReloadableResourceManagerMixin from ldlib-common.mixins.json into net.minecraft.server.packs.resources.ReloadableResourceManager
[23Mar2025 18:24:31.889] [modloading-worker-0/DEBUG] [net.minecraftforge.versions.forge.ForgeVersion/CORE]: Forge Version package package net.minecraftforge.versions.forge, Forge, version 47.3 from cpw.mods.modlauncher.TransformingClassLoader@34d45ec0
[23Mar2025 18:24:31.889] [modloading-worker-0/DEBUG] [net.minecraftforge.versions.forge.ForgeVersion/CORE]: Found Forge version 47.3.5
[23Mar2025 18:24:31.889] [modloading-worker-0/DEBUG] [net.minecraftforge.versions.forge.ForgeVersion/CORE]: Found Forge spec 47.3
[23Mar2025 18:24:31.889] [modloading-worker-0/DEBUG] [net.minecraftforge.versions.forge.ForgeVersion/CORE]: Found Forge group net.minecraftforge
[23Mar2025 18:24:31.890] [modloading-worker-0/DEBUG] [net.minecraftforge.versions.mcp.MCPVersion/CORE]: MCP Version package package net.minecraftforge.versions.mcp, Minecraft, version 1.20.1 from cpw.mods.modlauncher.TransformingClassLoader@34d45ec0
[23Mar2025 18:24:31.891] [modloading-worker-0/DEBUG] [net.minecraftforge.versions.mcp.MCPVersion/CORE]: Found MC version information 1.20.1
[23Mar2025 18:24:31.891] [modloading-worker-0/DEBUG] [net.minecraftforge.versions.mcp.MCPVersion/CORE]: Found MCP version information 20230612.114412
[23Mar2025 18:24:31.891] [modloading-worker-0/INFO] [net.minecraftforge.common.ForgeMod/FORGEMOD]: Forge mod loading, version 47.3.5, for MC 1.20.1 with MCP 20230612.114412
[23Mar2025 18:24:31.892] [modloading-worker-0/INFO] [net.minecraftforge.common.MinecraftForge/FORGE]: MinecraftForge v47.3.5 Initialized
[23Mar2025 18:24:32.002] [modloading-worker-0/DEBUG] [mixin/]: Mixing accessor.AbstractContainerScreenAccessor from ldlib-common.mixins.json into net.minecraft.client.gui.screens.inventory.AbstractContainerScreen
[23Mar2025 18:24:32.054] [modloading-worker-0/WARN] [software.bernie.geckolib.GeckoLib/]: Minecraft.getInstance() was null, could not register reload listeners
[23Mar2025 18:24:32.079] [modloading-worker-0/DEBUG] [net.minecraftforge.fml.javafmlmod.AutomaticEventSubscriber/LOADING]: Attempting to inject @EventBusSubscriber classes into the eventbus for photon
[23Mar2025 18:24:32.080] [modloading-worker-0/DEBUG] [net.minecraftforge.fml.javafmlmod.AutomaticEventSubscriber/LOADING]: Auto-subscribing com.lowdragmc.photon.client.forge.ClientEventListener to FORGE
[23Mar2025 18:24:32.167] [modloading-worker-0/DEBUG] [net.minecraftforge.fml.javafmlmod.AutomaticEventSubscriber/LOADING]: Attempting to inject @EventBusSubscriber classes into the eventbus for geckolib
[23Mar2025 18:24:32.167] [modloading-worker-0/DEBUG] [net.minecraftforge.fml.javafmlmod.AutomaticEventSubscriber/LOADING]: Auto-subscribing software.bernie.example.GeckoLibMod to FORGE
[23Mar2025 18:24:32.167] [modloading-worker-0/DEBUG] [net.minecraftforge.fml.javafmlmod.AutomaticEventSubscriber/LOADING]: Auto-subscribing software.bernie.example.CommonListener to MOD
[23Mar2025 18:24:32.172] [modloading-worker-0/DEBUG] [net.minecraftforge.fml.javafmlmod.AutomaticEventSubscriber/LOADING]: Auto-subscribing software.bernie.example.ClientListener to MOD
[23Mar2025 18:24:32.174] [modloading-worker-0/DEBUG] [net.minecraftforge.fml.config.ConfigTracker/CONFIG]: Config file kaijucraft-common.toml for kaijucraft tracking
[23Mar2025 18:24:32.175] [modloading-worker-0/DEBUG] [net.minecraftforge.fml.javafmlmod.AutomaticEventSubscriber/LOADING]: Attempting to inject @EventBusSubscriber classes into the eventbus for kaijucraft
[23Mar2025 18:24:32.175] [modloading-worker-0/DEBUG] [net.minecraftforge.fml.javafmlmod.AutomaticEventSubscriber/LOADING]: Auto-subscribing com.kingtyphon.kaijucraft.capabilities.WallrunProcedure to FORGE
[23Mar2025 18:24:32.184] [modloading-worker-0/DEBUG] [net.minecraftforge.fml.javafmlmod.AutomaticEventSubscriber/LOADING]: Auto-subscribing com.kingtyphon.kaijucraft.Config to MOD
[23Mar2025 18:24:32.184] [modloading-worker-0/DEBUG] [io.netty.util.internal.PlatformDependent0/]: -Dio.netty.noUnsafe: false
[23Mar2025 18:24:32.184] [modloading-worker-0/DEBUG] [io.netty.util.internal.PlatformDependent0/]: Java version: 17
[23Mar2025 18:24:32.189] [modloading-worker-0/DEBUG] [io.netty.util.internal.PlatformDependent0/]: sun.misc.Unsafe.theUnsafe: available
[23Mar2025 18:24:32.190] [modloading-worker-0/DEBUG] [io.netty.util.internal.PlatformDependent0/]: sun.misc.Unsafe.copyMemory: available
[23Mar2025 18:24:32.193] [modloading-worker-0/DEBUG] [io.netty.util.internal.PlatformDependent0/]: sun.misc.Unsafe.storeFence: available
[23Mar2025 18:24:32.195] [modloading-worker-0/DEBUG] [io.netty.util.internal.PlatformDependent0/]: java.nio.Buffer.address: available
[23Mar2025 18:24:32.210] [modloading-worker-0/DEBUG] [net.minecraftforge.fml.javafmlmod.AutomaticEventSubscriber/LOADING]: Auto-subscribing com.kingtyphon.kaijucraft.datagen.DataGenerators to MOD
[23Mar2025 18:24:32.221] [modloading-worker-0/DEBUG] [net.minecraftforge.fml.javafmlmod.AutomaticEventSubscriber/LOADING]: Auto-subscribing com.kingtyphon.kaijucraft.event.CustomHealthRenderer to FORGE
[23Mar2025 18:24:32.197] [modloading-worker-0/DEBUG] [io.netty.util.internal.PlatformDependent0/]: direct buffer constructor: unavailable
java.lang.UnsupportedOperationException: Reflective setAccessible(true) disabled
	at io.netty.util.internal.ReflectionUtil.trySetAccessible(ReflectionUtil.java:31) ~[netty-common-4.1.82.Final.jar%23151!/:4.1.82.Final]
	at io.netty.util.internal.PlatformDependent0$5.run(PlatformDependent0.java:288) ~[netty-common-4.1.82.Final.jar%23151!/:4.1.82.Final]
	at java.security.AccessController.doPrivileged(AccessController.java:318) ~[?:?]
	at io.netty.util.internal.PlatformDependent0.<clinit>(PlatformDependent0.java:282) ~[netty-common-4.1.82.Final.jar%23151!/:4.1.82.Final]
	at io.netty.util.internal.PlatformDependent.isAndroid(PlatformDependent.java:333) ~[netty-common-4.1.82.Final.jar%23151!/:4.1.82.Final]
	at io.netty.util.internal.PlatformDependent.<clinit>(PlatformDependent.java:88) ~[netty-common-4.1.82.Final.jar%23151!/:4.1.82.Final]
	at io.netty.util.ConstantPool.<init>(ConstantPool.java:34) ~[netty-common-4.1.82.Final.jar%23151!/:4.1.82.Final]
	at io.netty.util.AttributeKey$1.<init>(AttributeKey.java:27) ~[netty-common-4.1.82.Final.jar%23151!/:4.1.82.Final]
	at io.netty.util.AttributeKey.<clinit>(AttributeKey.java:27) ~[netty-common-4.1.82.Final.jar%23151!/:4.1.82.Final]
	at net.minecraftforge.network.NetworkConstants.<clinit>(NetworkConstants.java:34) ~[forge-1.20.1-47.3.5_mapped_parchment_2023.09.03-1.20.1-recomp.jar%23190%23197!/:?]
	at net.minecraftforge.common.ForgeMod.<init>(ForgeMod.java:429) ~[forge-1.20.1-47.3.5_mapped_parchment_2023.09.03-1.20.1-recomp.jar%23190%23197!/:?]
	at jdk.internal.reflect.NativeConstructorAccessorImpl.newInstance0(Native Method) ~[?:?]
	at jdk.internal.reflect.NativeConstructorAccessorImpl.newInstance(NativeConstructorAccessorImpl.java:77) ~[?:?]
	at jdk.internal.reflect.DelegatingConstructorAccessorImpl.newInstance(DelegatingConstructorAccessorImpl.java:45) ~[?:?]
	at java.lang.reflect.Constructor.newInstanceWithCaller(Constructor.java:500) ~[?:?]
	at java.lang.reflect.Constructor.newInstance(Constructor.java:481) ~[?:?]
	at net.minecraftforge.fml.javafmlmod.FMLModContainer.constructMod(FMLModContainer.java:70) ~[javafmllanguage-1.20.1-47.3.5.jar%23192!/:?]
	at net.minecraftforge.fml.ModContainer.lambda$buildTransitionHandler$4(ModContainer.java:124) ~[fmlcore-1.20.1-47.3.5.jar%23195!/:?]
	at java.util.concurrent.CompletableFuture$AsyncRun.run(CompletableFuture.java:1804) ~[?:?]
	at java.util.concurrent.CompletableFuture$AsyncRun.exec(CompletableFuture.java:1796) ~[?:?]
	at java.util.concurrent.ForkJoinTask.doExec(ForkJoinTask.java:373) ~[?:?]
	at java.util.concurrent.ForkJoinPool$WorkQueue.topLevelExec(ForkJoinPool.java:1182) ~[?:?]
	at java.util.concurrent.ForkJoinPool.scan(ForkJoinPool.java:1655) ~[?:?]
	at java.util.concurrent.ForkJoinPool.runWorker(ForkJoinPool.java:1622) ~[?:?]
	at java.util.concurrent.ForkJoinWorkerThread.run(ForkJoinWorkerThread.java:165) ~[?:?]
[23Mar2025 18:24:32.244] [modloading-worker-0/DEBUG] [io.netty.util.internal.PlatformDependent0/]: java.nio.Bits.unaligned: available, true
[23Mar2025 18:24:32.247] [modloading-worker-0/DEBUG] [io.netty.util.internal.PlatformDependent0/]: jdk.internal.misc.Unsafe.allocateUninitializedArray(int): unavailable
java.lang.IllegalAccessException: class io.netty.util.internal.PlatformDependent0$7 (in module io.netty.common) cannot access class jdk.internal.misc.Unsafe (in module java.base) because module java.base does not export jdk.internal.misc to module io.netty.common
	at jdk.internal.reflect.Reflection.newIllegalAccessException(Reflection.java:392) ~[?:?]
	at java.lang.reflect.AccessibleObject.checkAccess(AccessibleObject.java:674) ~[?:?]
	at java.lang.reflect.Method.invoke(Method.java:561) ~[?:?]
	at io.netty.util.internal.PlatformDependent0$7.run(PlatformDependent0.java:410) ~[netty-common-4.1.82.Final.jar%23151!/:4.1.82.Final]
	at java.security.AccessController.doPrivileged(AccessController.java:318) ~[?:?]
	at io.netty.util.internal.PlatformDependent0.<clinit>(PlatformDependent0.java:401) ~[netty-common-4.1.82.Final.jar%23151!/:4.1.82.Final]
	at io.netty.util.internal.PlatformDependent.isAndroid(PlatformDependent.java:333) ~[netty-common-4.1.82.Final.jar%23151!/:4.1.82.Final]
	at io.netty.util.internal.PlatformDependent.<clinit>(PlatformDependent.java:88) ~[netty-common-4.1.82.Final.jar%23151!/:4.1.82.Final]
	at io.netty.util.ConstantPool.<init>(ConstantPool.java:34) ~[netty-common-4.1.82.Final.jar%23151!/:4.1.82.Final]
	at io.netty.util.AttributeKey$1.<init>(AttributeKey.java:27) ~[netty-common-4.1.82.Final.jar%23151!/:4.1.82.Final]
	at io.netty.util.AttributeKey.<clinit>(AttributeKey.java:27) ~[netty-common-4.1.82.Final.jar%23151!/:4.1.82.Final]
	at net.minecraftforge.network.NetworkConstants.<clinit>(NetworkConstants.java:34) ~[forge-1.20.1-47.3.5_mapped_parchment_2023.09.03-1.20.1-recomp.jar%23190%23197!/:?]
	at net.minecraftforge.common.ForgeMod.<init>(ForgeMod.java:429) ~[forge-1.20.1-47.3.5_mapped_parchment_2023.09.03-1.20.1-recomp.jar%23190%23197!/:?]
	at jdk.internal.reflect.NativeConstructorAccessorImpl.newInstance0(Native Method) ~[?:?]
	at jdk.internal.reflect.NativeConstructorAccessorImpl.newInstance(NativeConstructorAccessorImpl.java:77) ~[?:?]
	at jdk.internal.reflect.DelegatingConstructorAccessorImpl.newInstance(DelegatingConstructorAccessorImpl.java:45) ~[?:?]
	at java.lang.reflect.Constructor.newInstanceWithCaller(Constructor.java:500) ~[?:?]
	at java.lang.reflect.Constructor.newInstance(Constructor.java:481) ~[?:?]
	at net.minecraftforge.fml.javafmlmod.FMLModContainer.constructMod(FMLModContainer.java:70) ~[javafmllanguage-1.20.1-47.3.5.jar%23192!/:?]
	at net.minecraftforge.fml.ModContainer.lambda$buildTransitionHandler$4(ModContainer.java:124) ~[fmlcore-1.20.1-47.3.5.jar%23195!/:?]
	at java.util.concurrent.CompletableFuture$AsyncRun.run(CompletableFuture.java:1804) ~[?:?]
	at java.util.concurrent.CompletableFuture$AsyncRun.exec(CompletableFuture.java:1796) ~[?:?]
	at java.util.concurrent.ForkJoinTask.doExec(ForkJoinTask.java:373) ~[?:?]
	at java.util.concurrent.ForkJoinPool$WorkQueue.topLevelExec(ForkJoinPool.java:1182) ~[?:?]
	at java.util.concurrent.ForkJoinPool.scan(ForkJoinPool.java:1655) ~[?:?]
	at java.util.concurrent.ForkJoinPool.runWorker(ForkJoinPool.java:1622) ~[?:?]
	at java.util.concurrent.ForkJoinWorkerThread.run(ForkJoinWorkerThread.java:165) ~[?:?]
[23Mar2025 18:24:32.252] [modloading-worker-0/DEBUG] [io.netty.util.internal.PlatformDependent0/]: java.nio.DirectByteBuffer.<init>(long, int): unavailable
[23Mar2025 18:24:32.252] [modloading-worker-0/DEBUG] [io.netty.util.internal.PlatformDependent/]: sun.misc.Unsafe: available
[23Mar2025 18:24:32.254] [modloading-worker-0/DEBUG] [io.netty.util.internal.PlatformDependent/]: maxDirectMemory: 8560574464 bytes (maybe)
[23Mar2025 18:24:32.255] [modloading-worker-0/DEBUG] [io.netty.util.internal.PlatformDependent/]: -Dio.netty.tmpdir: C:\Users\DIMITR~1\AppData\Local\Temp (java.io.tmpdir)
[23Mar2025 18:24:32.256] [modloading-worker-0/DEBUG] [io.netty.util.internal.PlatformDependent/]: -Dio.netty.bitMode: 64 (sun.arch.data.model)
[23Mar2025 18:24:32.256] [modloading-worker-0/DEBUG] [io.netty.util.internal.PlatformDependent/]: Platform: Windows
[23Mar2025 18:24:32.258] [modloading-worker-0/DEBUG] [io.netty.util.internal.PlatformDependent/]: -Dio.netty.maxDirectMemory: -1 bytes
[23Mar2025 18:24:32.258] [modloading-worker-0/DEBUG] [net.minecraftforge.fml.javafmlmod.AutomaticEventSubscriber/LOADING]: Auto-subscribing com.kingtyphon.kaijucraft.event.ModEvents to FORGE
[23Mar2025 18:24:32.258] [modloading-worker-0/DEBUG] [io.netty.util.internal.PlatformDependent/]: -Dio.netty.uninitializedArrayAllocationThreshold: -1
[23Mar2025 18:24:32.260] [modloading-worker-0/DEBUG] [io.netty.util.internal.CleanerJava9/]: java.nio.ByteBuffer.cleaner(): available
[23Mar2025 18:24:32.261] [modloading-worker-0/DEBUG] [io.netty.util.internal.PlatformDependent/]: -Dio.netty.noPreferDirect: false
[23Mar2025 18:24:32.294] [modloading-worker-0/DEBUG] [mixin/]: Mixing PlayerRendererMixin from playerAnimator-common.mixins.json into net.minecraft.client.renderer.entity.player.PlayerRenderer
[23Mar2025 18:24:32.296] [modloading-worker-0/DEBUG] [mixin/]: playerAnimator-common.mixins.json:PlayerRendererMixin: Class version 61 required is higher than the class version supported by the current version of Mixin (JAVA_16 supports class version 60)
[23Mar2025 18:24:32.409] [modloading-worker-0/DEBUG] [mixin/]: Mixing firstPerson.LivingEntityRendererMixin from playerAnimator-common.mixins.json into net.minecraft.client.renderer.entity.LivingEntityRenderer
[23Mar2025 18:24:32.409] [modloading-worker-0/DEBUG] [mixin/]: playerAnimator-common.mixins.json:firstPerson.LivingEntityRendererMixin: Class version 61 required is higher than the class version supported by the current version of Mixin (JAVA_16 supports class version 60)
[23Mar2025 18:24:32.409] [modloading-worker-0/DEBUG] [mixin/]: Renaming synthetic method lambda$filterLayers$0(Ljava/lang/Object;)Z to md9bc0a4$lambda$filterLayers$0$0 in playerAnimator-common.mixins.json:firstPerson.LivingEntityRendererMixin
[23Mar2025 18:24:32.463] [modloading-worker-0/DEBUG] [net.minecraftforge.fml.javafmlmod.AutomaticEventSubscriber/LOADING]: Auto-subscribing com.kingtyphon.kaijucraft.event.ModEventsBusClientEvents to MOD
[23Mar2025 18:24:32.468] [modloading-worker-0/DEBUG] [net.minecraftforge.fml.javafmlmod.AutomaticEventSubscriber/LOADING]: Auto-subscribing com.kingtyphon.kaijucraft.event.ModEventsBusEvents to MOD
[23Mar2025 18:24:32.472] [modloading-worker-0/DEBUG] [net.minecraftforge.fml.javafmlmod.AutomaticEventSubscriber/LOADING]: Auto-subscribing com.kingtyphon.kaijucraft.handlers.KeyInputHandler to FORGE
[23Mar2025 18:24:32.480] [modloading-worker-0/DEBUG] [net.minecraftforge.fml.javafmlmod.AutomaticEventSubscriber/LOADING]: Auto-subscribing com.kingtyphon.kaijucraft.item.KaijuCreativeModeTab to MOD
[23Mar2025 18:24:32.481] [modloading-worker-0/DEBUG] [net.minecraftforge.fml.javafmlmod.AutomaticEventSubscriber/LOADING]: Auto-subscribing com.kingtyphon.kaijucraft.KaijuCraft$ClientModEvents to MOD
[23Mar2025 18:24:32.487] [modloading-worker-0/DEBUG] [net.minecraftforge.fml.javafmlmod.AutomaticEventSubscriber/LOADING]: Auto-subscribing com.kingtyphon.kaijucraft.keybinds.KaijuKeybinds$KeyEventListener to FORGE
[23Mar2025 18:24:32.492] [modloading-worker-0/DEBUG] [net.minecraftforge.fml.javafmlmod.AutomaticEventSubscriber/LOADING]: Auto-subscribing com.kingtyphon.kaijucraft.keybinds.KaijuKeybinds to MOD
[23Mar2025 18:24:32.514] [modloading-worker-0/DEBUG] [net.minecraftforge.common.ForgeMod/FORGEMOD]: Loading Network data for FML net version: FML3
[23Mar2025 18:24:32.548] [modloading-worker-0/DEBUG] [net.minecraftforge.fml.config.ConfigTracker/CONFIG]: Config file forge-client.toml for forge tracking
[23Mar2025 18:24:32.548] [modloading-worker-0/DEBUG] [net.minecraftforge.fml.config.ConfigTracker/CONFIG]: Config file forge-server.toml for forge tracking
[23Mar2025 18:24:32.548] [modloading-worker-0/DEBUG] [net.minecraftforge.fml.ModLoadingContext/]: Attempted to register an empty config for type COMMON on mod forge
[23Mar2025 18:24:32.612] [modloading-worker-0/DEBUG] [net.minecraftforge.fml.javafmlmod.AutomaticEventSubscriber/LOADING]: Attempting to inject @EventBusSubscriber classes into the eventbus for forge
[23Mar2025 18:24:32.612] [modloading-worker-0/DEBUG] [net.minecraftforge.fml.javafmlmod.AutomaticEventSubscriber/LOADING]: Auto-subscribing net.minecraftforge.common.ForgeSpawnEggItem$CommonHandler to MOD
[23Mar2025 18:24:32.614] [modloading-worker-0/DEBUG] [net.minecraftforge.fml.javafmlmod.AutomaticEventSubscriber/LOADING]: Auto-subscribing net.minecraftforge.common.ForgeSpawnEggItem$ColorRegisterHandler to MOD
[23Mar2025 18:24:32.621] [modloading-worker-0/DEBUG] [net.minecraftforge.fml.javafmlmod.AutomaticEventSubscriber/LOADING]: Auto-subscribing net.minecraftforge.client.model.data.ModelDataManager to FORGE
[23Mar2025 18:24:32.623] [modloading-worker-0/DEBUG] [net.minecraftforge.fml.javafmlmod.AutomaticEventSubscriber/LOADING]: Auto-subscribing net.minecraftforge.client.ForgeHooksClient$ClientEvents to MOD
[23Mar2025 18:24:32.624] [modloading-worker-0/DEBUG] [mixin/]: Mixing accessor.ShaderInstanceAccessor from photon-common.mixins.json into net.minecraft.client.renderer.ShaderInstance
[23Mar2025 18:24:32.645] [modloading-worker-0/DEBUG] [net.minecraftforge.fml.javafmlmod.AutomaticEventSubscriber/LOADING]: Auto-subscribing net.minecraftforge.client.ClientForgeMod to MOD
[23Mar2025 18:24:32.893] [modloading-worker-0/INFO] [Photon/]: creat the photon fx folder
[23Mar2025 18:24:32.922] [modloading-worker-0/DEBUG] [net.minecraftforge.fml.javafmlmod.AutomaticEventSubscriber/LOADING]: Attempting to inject @EventBusSubscriber classes into the eventbus for ldlib
[23Mar2025 18:24:32.923] [modloading-worker-0/DEBUG] [net.minecraftforge.fml.javafmlmod.AutomaticEventSubscriber/LOADING]: Auto-subscribing com.lowdragmc.lowdraglib.forge.CommonListeners to FORGE
[23Mar2025 18:24:32.924] [modloading-worker-0/DEBUG] [net.minecraftforge.fml.javafmlmod.AutomaticEventSubscriber/LOADING]: Auto-subscribing com.lowdragmc.lowdraglib.client.forge.ClientEventListener to FORGE
[23Mar2025 18:24:32.945] [main/DEBUG] [net.minecraftforge.registries.ObjectHolderRegistry/REGISTRIES]: Processing ObjectHolder annotations
[23Mar2025 18:24:32.964] [main/DEBUG] [net.minecraftforge.registries.ObjectHolderRegistry/REGISTRIES]: Found 3935 ObjectHolder annotations
[23Mar2025 18:24:32.967] [main/DEBUG] [net.minecraftforge.common.capabilities.CapabilityManager/CAPABILITIES]: Attempting to automatically register: Lnet/minecraftforge/energy/IEnergyStorage;
[23Mar2025 18:24:32.968] [main/DEBUG] [net.minecraftforge.common.capabilities.CapabilityManager/CAPABILITIES]: Attempting to automatically register: Lnet/minecraftforge/fluids/capability/IFluidHandler;
[23Mar2025 18:24:32.968] [main/DEBUG] [net.minecraftforge.common.capabilities.CapabilityManager/CAPABILITIES]: Attempting to automatically register: Lnet/minecraftforge/fluids/capability/IFluidHandlerItem;
[23Mar2025 18:24:32.968] [main/DEBUG] [net.minecraftforge.common.capabilities.CapabilityManager/CAPABILITIES]: Attempting to automatically register: Lnet/minecraftforge/items/IItemHandler;
[23Mar2025 18:24:32.969] [main/DEBUG] [net.minecraftforge.registries.GameData/REGISTRIES]: Unfreezing vanilla registries
[23Mar2025 18:24:32.972] [main/DEBUG] [net.minecraftforge.registries.GameData/REGISTRIES]: Applying holder lookups: minecraft:sound_event
[23Mar2025 18:24:32.974] [main/DEBUG] [net.minecraftforge.registries.GameData/REGISTRIES]: Holder lookups applied: minecraft:sound_event
[23Mar2025 18:24:32.974] [main/DEBUG] [net.minecraftforge.registries.GameData/REGISTRIES]: Applying holder lookups: minecraft:fluid
[23Mar2025 18:24:32.975] [main/DEBUG] [net.minecraftforge.registries.GameData/REGISTRIES]: Holder lookups applied: minecraft:fluid
[23Mar2025 18:24:32.981] [main/DEBUG] [net.minecraftforge.registries.GameData/REGISTRIES]: Applying holder lookups: minecraft:block
[23Mar2025 18:24:32.983] [main/DEBUG] [net.minecraftforge.registries.GameData/REGISTRIES]: Holder lookups applied: minecraft:block
[23Mar2025 18:24:32.983] [main/DEBUG] [net.minecraftforge.registries.GameData/REGISTRIES]: Applying holder lookups: minecraft:attribute
[23Mar2025 18:24:32.984] [main/DEBUG] [net.minecraftforge.registries.GameData/REGISTRIES]: Holder lookups applied: minecraft:attribute
[23Mar2025 18:24:32.984] [main/DEBUG] [net.minecraftforge.registries.GameData/REGISTRIES]: Applying holder lookups: minecraft:mob_effect
[23Mar2025 18:24:32.984] [main/DEBUG] [net.minecraftforge.registries.GameData/REGISTRIES]: Holder lookups applied: minecraft:mob_effect
[23Mar2025 18:24:32.984] [main/DEBUG] [net.minecraftforge.registries.GameData/REGISTRIES]: Applying holder lookups: minecraft:particle_type
[23Mar2025 18:24:32.985] [main/DEBUG] [net.minecraftforge.registries.GameData/REGISTRIES]: Holder lookups applied: minecraft:particle_type
[23Mar2025 18:24:32.999] [main/DEBUG] [software.bernie.geckolib.GeckoLib/]: Registered SyncedAnimatable for class software.bernie.example.item.JackInTheBoxItem
[23Mar2025 18:24:33.011] [main/DEBUG] [software.bernie.geckolib.GeckoLib/]: Registered SyncedAnimatable for class com.kingtyphon.kaijucraft.item.guns.Glock17Gen4
[23Mar2025 18:24:33.011] [main/DEBUG] [software.bernie.geckolib.GeckoLib/]: Registered SyncedAnimatable for class com.kingtyphon.kaijucraft.item.guns.SigSauerShortRifleItem
[23Mar2025 18:24:33.012] [main/DEBUG] [software.bernie.geckolib.GeckoLib/]: Registered SyncedAnimatable for class com.kingtyphon.kaijucraft.item.guns.Cannon
[23Mar2025 18:24:33.015] [main/DEBUG] [net.minecraftforge.registries.GameData/REGISTRIES]: Applying holder lookups: minecraft:item
[23Mar2025 18:24:33.017] [main/DEBUG] [net.minecraftforge.registries.GameData/REGISTRIES]: Holder lookups applied: minecraft:item
[23Mar2025 18:24:33.035] [main/DEBUG] [net.minecraftforge.registries.GameData/REGISTRIES]: Applying holder lookups: minecraft:entity_type
[23Mar2025 18:24:33.036] [main/DEBUG] [net.minecraftforge.registries.GameData/REGISTRIES]: Holder lookups applied: minecraft:entity_type
[23Mar2025 18:24:33.036] [main/DEBUG] [net.minecraftforge.registries.GameData/REGISTRIES]: Applying holder lookups: minecraft:sensor_type
[23Mar2025 18:24:33.037] [main/DEBUG] [net.minecraftforge.registries.GameData/REGISTRIES]: Holder lookups applied: minecraft:sensor_type
[23Mar2025 18:24:33.037] [main/DEBUG] [net.minecraftforge.registries.GameData/REGISTRIES]: Applying holder lookups: minecraft:memory_module_type
[23Mar2025 18:24:33.037] [main/DEBUG] [net.minecraftforge.registries.GameData/REGISTRIES]: Holder lookups applied: minecraft:memory_module_type
[23Mar2025 18:24:33.037] [main/DEBUG] [net.minecraftforge.registries.GameData/REGISTRIES]: Applying holder lookups: minecraft:potion
[23Mar2025 18:24:33.038] [main/DEBUG] [net.minecraftforge.registries.GameData/REGISTRIES]: Holder lookups applied: minecraft:potion
[23Mar2025 18:24:33.038] [main/DEBUG] [net.minecraftforge.registries.GameData/REGISTRIES]: Applying holder lookups: minecraft:game_event
[23Mar2025 18:24:33.038] [main/DEBUG] [net.minecraftforge.registries.GameData/REGISTRIES]: Holder lookups applied: minecraft:game_event
[23Mar2025 18:24:33.038] [main/DEBUG] [net.minecraftforge.registries.GameData/REGISTRIES]: Applying holder lookups: minecraft:enchantment
[23Mar2025 18:24:33.038] [main/DEBUG] [net.minecraftforge.registries.GameData/REGISTRIES]: Holder lookups applied: minecraft:enchantment
[23Mar2025 18:24:33.044] [main/DEBUG] [net.minecraftforge.registries.GameData/REGISTRIES]: Applying holder lookups: minecraft:block_entity_type
[23Mar2025 18:24:33.044] [main/DEBUG] [net.minecraftforge.registries.GameData/REGISTRIES]: Holder lookups applied: minecraft:block_entity_type
[23Mar2025 18:24:33.045] [main/DEBUG] [net.minecraftforge.registries.GameData/REGISTRIES]: Applying holder lookups: minecraft:painting_variant
[23Mar2025 18:24:33.045] [main/DEBUG] [net.minecraftforge.registries.GameData/REGISTRIES]: Holder lookups applied: minecraft:painting_variant
[23Mar2025 18:24:33.045] [main/DEBUG] [net.minecraftforge.registries.GameData/REGISTRIES]: Applying holder lookups: minecraft:stat_type
[23Mar2025 18:24:33.045] [main/DEBUG] [net.minecraftforge.registries.GameData/REGISTRIES]: Holder lookups applied: minecraft:stat_type
[23Mar2025 18:24:33.045] [main/DEBUG] [net.minecraftforge.registries.GameData/REGISTRIES]: Applying holder lookups: minecraft:custom_stat
[23Mar2025 18:24:33.045] [main/DEBUG] [net.minecraftforge.registries.GameData/REGISTRIES]: Holder lookups applied: minecraft:custom_stat
[23Mar2025 18:24:33.046] [main/DEBUG] [net.minecraftforge.registries.GameData/REGISTRIES]: Applying holder lookups: minecraft:chunk_status
[23Mar2025 18:24:33.046] [main/DEBUG] [net.minecraftforge.registries.GameData/REGISTRIES]: Holder lookups applied: minecraft:chunk_status
[23Mar2025 18:24:33.046] [main/DEBUG] [net.minecraftforge.registries.GameData/REGISTRIES]: Applying holder lookups: minecraft:rule_test
[23Mar2025 18:24:33.046] [main/DEBUG] [net.minecraftforge.registries.GameData/REGISTRIES]: Holder lookups applied: minecraft:rule_test
[23Mar2025 18:24:33.046] [main/DEBUG] [net.minecraftforge.registries.GameData/REGISTRIES]: Applying holder lookups: minecraft:rule_block_entity_modifier
[23Mar2025 18:24:33.046] [main/DEBUG] [net.minecraftforge.registries.GameData/REGISTRIES]: Holder lookups applied: minecraft:rule_block_entity_modifier
[23Mar2025 18:24:33.046] [main/DEBUG] [net.minecraftforge.registries.GameData/REGISTRIES]: Applying holder lookups: minecraft:pos_rule_test
[23Mar2025 18:24:33.047] [main/DEBUG] [net.minecraftforge.registries.GameData/REGISTRIES]: Holder lookups applied: minecraft:pos_rule_test
[23Mar2025 18:24:33.047] [main/DEBUG] [net.minecraftforge.registries.GameData/REGISTRIES]: Applying holder lookups: minecraft:menu
[23Mar2025 18:24:33.047] [main/DEBUG] [net.minecraftforge.registries.GameData/REGISTRIES]: Holder lookups applied: minecraft:menu
[23Mar2025 18:24:33.047] [main/DEBUG] [net.minecraftforge.registries.GameData/REGISTRIES]: Applying holder lookups: minecraft:recipe_type
[23Mar2025 18:24:33.047] [main/DEBUG] [net.minecraftforge.registries.GameData/REGISTRIES]: Holder lookups applied: minecraft:recipe_type
[23Mar2025 18:24:33.069] [main/DEBUG] [net.minecraftforge.registries.GameData/REGISTRIES]: Applying holder lookups: minecraft:recipe_serializer
[23Mar2025 18:24:33.070] [main/DEBUG] [net.minecraftforge.registries.GameData/REGISTRIES]: Holder lookups applied: minecraft:recipe_serializer
[23Mar2025 18:24:33.070] [main/DEBUG] [net.minecraftforge.registries.GameData/REGISTRIES]: Applying holder lookups: minecraft:position_source_type
[23Mar2025 18:24:33.070] [main/DEBUG] [net.minecraftforge.registries.GameData/REGISTRIES]: Holder lookups applied: minecraft:position_source_type
[23Mar2025 18:24:33.072] [main/DEBUG] [net.minecraftforge.registries.GameData/REGISTRIES]: Applying holder lookups: minecraft:command_argument_type
[23Mar2025 18:24:33.072] [main/DEBUG] [net.minecraftforge.registries.GameData/REGISTRIES]: Holder lookups applied: minecraft:command_argument_type
[23Mar2025 18:24:33.072] [main/DEBUG] [net.minecraftforge.registries.GameData/REGISTRIES]: Applying holder lookups: minecraft:villager_type
[23Mar2025 18:24:33.072] [main/DEBUG] [net.minecraftforge.registries.GameData/REGISTRIES]: Holder lookups applied: minecraft:villager_type
[23Mar2025 18:24:33.072] [main/DEBUG] [net.minecraftforge.registries.GameData/REGISTRIES]: Applying holder lookups: minecraft:villager_profession
[23Mar2025 18:24:33.074] [main/DEBUG] [net.minecraftforge.registries.GameData/REGISTRIES]: Holder lookups applied: minecraft:villager_profession
[23Mar2025 18:24:33.074] [main/DEBUG] [net.minecraftforge.registries.GameData/REGISTRIES]: Applying holder lookups: minecraft:point_of_interest_type
[23Mar2025 18:24:33.074] [main/DEBUG] [net.minecraftforge.registries.GameData/REGISTRIES]: Holder lookups applied: minecraft:point_of_interest_type
[23Mar2025 18:24:33.074] [main/DEBUG] [net.minecraftforge.registries.GameData/REGISTRIES]: Applying holder lookups: minecraft:schedule
[23Mar2025 18:24:33.074] [main/DEBUG] [net.minecraftforge.registries.GameData/REGISTRIES]: Holder lookups applied: minecraft:schedule
[23Mar2025 18:24:33.074] [main/DEBUG] [net.minecraftforge.registries.GameData/REGISTRIES]: Applying holder lookups: minecraft:activity
[23Mar2025 18:24:33.075] [main/DEBUG] [net.minecraftforge.registries.GameData/REGISTRIES]: Holder lookups applied: minecraft:activity
[23Mar2025 18:24:33.075] [main/DEBUG] [net.minecraftforge.registries.GameData/REGISTRIES]: Applying holder lookups: minecraft:loot_pool_entry_type
[23Mar2025 18:24:33.075] [main/DEBUG] [net.minecraftforge.registries.GameData/REGISTRIES]: Holder lookups applied: minecraft:loot_pool_entry_type
[23Mar2025 18:24:33.075] [main/DEBUG] [net.minecraftforge.registries.GameData/REGISTRIES]: Applying holder lookups: minecraft:loot_function_type
[23Mar2025 18:24:33.075] [main/DEBUG] [net.minecraftforge.registries.GameData/REGISTRIES]: Holder lookups applied: minecraft:loot_function_type
[23Mar2025 18:24:33.079] [main/DEBUG] [net.minecraftforge.registries.GameData/REGISTRIES]: Applying holder lookups: minecraft:loot_condition_type
[23Mar2025 18:24:33.080] [main/DEBUG] [net.minecraftforge.registries.GameData/REGISTRIES]: Holder lookups applied: minecraft:loot_condition_type
[23Mar2025 18:24:33.080] [main/DEBUG] [net.minecraftforge.registries.GameData/REGISTRIES]: Applying holder lookups: minecraft:loot_number_provider_type
[23Mar2025 18:24:33.080] [main/DEBUG] [net.minecraftforge.registries.GameData/REGISTRIES]: Holder lookups applied: minecraft:loot_number_provider_type
[23Mar2025 18:24:33.080] [main/DEBUG] [net.minecraftforge.registries.GameData/REGISTRIES]: Applying holder lookups: minecraft:loot_nbt_provider_type
[23Mar2025 18:24:33.081] [main/DEBUG] [net.minecraftforge.registries.GameData/REGISTRIES]: Holder lookups applied: minecraft:loot_nbt_provider_type
[23Mar2025 18:24:33.081] [main/DEBUG] [net.minecraftforge.registries.GameData/REGISTRIES]: Applying holder lookups: minecraft:loot_score_provider_type
[23Mar2025 18:24:33.081] [main/DEBUG] [net.minecraftforge.registries.GameData/REGISTRIES]: Holder lookups applied: minecraft:loot_score_provider_type
[23Mar2025 18:24:33.081] [main/DEBUG] [net.minecraftforge.registries.GameData/REGISTRIES]: Applying holder lookups: minecraft:float_provider_type
[23Mar2025 18:24:33.081] [main/DEBUG] [net.minecraftforge.registries.GameData/REGISTRIES]: Holder lookups applied: minecraft:float_provider_type
[23Mar2025 18:24:33.081] [main/DEBUG] [net.minecraftforge.registries.GameData/REGISTRIES]: Applying holder lookups: minecraft:int_provider_type
[23Mar2025 18:24:33.081] [main/DEBUG] [net.minecraftforge.registries.GameData/REGISTRIES]: Holder lookups applied: minecraft:int_provider_type
[23Mar2025 18:24:33.081] [main/DEBUG] [net.minecraftforge.registries.GameData/REGISTRIES]: Applying holder lookups: minecraft:height_provider_type
[23Mar2025 18:24:33.082] [main/DEBUG] [net.minecraftforge.registries.GameData/REGISTRIES]: Holder lookups applied: minecraft:height_provider_type
[23Mar2025 18:24:33.082] [main/DEBUG] [net.minecraftforge.registries.GameData/REGISTRIES]: Applying holder lookups: minecraft:block_predicate_type
[23Mar2025 18:24:33.082] [main/DEBUG] [net.minecraftforge.registries.GameData/REGISTRIES]: Holder lookups applied: minecraft:block_predicate_type
[23Mar2025 18:24:33.082] [main/DEBUG] [net.minecraftforge.registries.GameData/REGISTRIES]: Applying holder lookups: minecraft:worldgen/carver
[23Mar2025 18:24:33.082] [main/DEBUG] [net.minecraftforge.registries.GameData/REGISTRIES]: Holder lookups applied: minecraft:worldgen/carver
[23Mar2025 18:24:33.082] [main/DEBUG] [net.minecraftforge.registries.GameData/REGISTRIES]: Applying holder lookups: minecraft:worldgen/feature
[23Mar2025 18:24:33.082] [main/DEBUG] [net.minecraftforge.registries.GameData/REGISTRIES]: Holder lookups applied: minecraft:worldgen/feature
[23Mar2025 18:24:33.082] [main/DEBUG] [net.minecraftforge.registries.GameData/REGISTRIES]: Applying holder lookups: minecraft:worldgen/structure_processor
[23Mar2025 18:24:33.082] [main/DEBUG] [net.minecraftforge.registries.GameData/REGISTRIES]: Holder lookups applied: minecraft:worldgen/structure_processor
[23Mar2025 18:24:33.083] [main/DEBUG] [net.minecraftforge.registries.GameData/REGISTRIES]: Applying holder lookups: minecraft:worldgen/structure_placement
[23Mar2025 18:24:33.083] [main/DEBUG] [net.minecraftforge.registries.GameData/REGISTRIES]: Holder lookups applied: minecraft:worldgen/structure_placement
[23Mar2025 18:24:33.083] [main/DEBUG] [net.minecraftforge.registries.GameData/REGISTRIES]: Applying holder lookups: minecraft:worldgen/structure_piece
[23Mar2025 18:24:33.083] [main/DEBUG] [net.minecraftforge.registries.GameData/REGISTRIES]: Holder lookups applied: minecraft:worldgen/structure_piece
[23Mar2025 18:24:33.083] [main/DEBUG] [net.minecraftforge.registries.GameData/REGISTRIES]: Applying holder lookups: minecraft:worldgen/structure_type
[23Mar2025 18:24:33.083] [main/DEBUG] [net.minecraftforge.registries.GameData/REGISTRIES]: Holder lookups applied: minecraft:worldgen/structure_type
[23Mar2025 18:24:33.083] [main/DEBUG] [net.minecraftforge.registries.GameData/REGISTRIES]: Applying holder lookups: minecraft:worldgen/placement_modifier_type
[23Mar2025 18:24:33.083] [main/DEBUG] [net.minecraftforge.registries.GameData/REGISTRIES]: Holder lookups applied: minecraft:worldgen/placement_modifier_type
[23Mar2025 18:24:33.083] [main/DEBUG] [net.minecraftforge.registries.GameData/REGISTRIES]: Applying holder lookups: minecraft:worldgen/block_state_provider_type
[23Mar2025 18:24:33.083] [main/DEBUG] [net.minecraftforge.registries.GameData/REGISTRIES]: Holder lookups applied: minecraft:worldgen/block_state_provider_type
[23Mar2025 18:24:33.084] [main/DEBUG] [net.minecraftforge.registries.GameData/REGISTRIES]: Applying holder lookups: minecraft:worldgen/foliage_placer_type
[23Mar2025 18:24:33.084] [main/DEBUG] [net.minecraftforge.registries.GameData/REGISTRIES]: Holder lookups applied: minecraft:worldgen/foliage_placer_type
[23Mar2025 18:24:33.084] [main/DEBUG] [net.minecraftforge.registries.GameData/REGISTRIES]: Applying holder lookups: minecraft:worldgen/trunk_placer_type
[23Mar2025 18:24:33.084] [main/DEBUG] [net.minecraftforge.registries.GameData/REGISTRIES]: Holder lookups applied: minecraft:worldgen/trunk_placer_type
[23Mar2025 18:24:33.084] [main/DEBUG] [net.minecraftforge.registries.GameData/REGISTRIES]: Applying holder lookups: minecraft:worldgen/root_placer_type
[23Mar2025 18:24:33.084] [main/DEBUG] [net.minecraftforge.registries.GameData/REGISTRIES]: Holder lookups applied: minecraft:worldgen/root_placer_type
[23Mar2025 18:24:33.084] [main/DEBUG] [net.minecraftforge.registries.GameData/REGISTRIES]: Applying holder lookups: minecraft:worldgen/tree_decorator_type
[23Mar2025 18:24:33.084] [main/DEBUG] [net.minecraftforge.registries.GameData/REGISTRIES]: Holder lookups applied: minecraft:worldgen/tree_decorator_type
[23Mar2025 18:24:33.084] [main/DEBUG] [net.minecraftforge.registries.GameData/REGISTRIES]: Applying holder lookups: minecraft:worldgen/feature_size_type
[23Mar2025 18:24:33.084] [main/DEBUG] [net.minecraftforge.registries.GameData/REGISTRIES]: Holder lookups applied: minecraft:worldgen/feature_size_type
[23Mar2025 18:24:33.084] [main/DEBUG] [net.minecraftforge.registries.GameData/REGISTRIES]: Applying holder lookups: minecraft:worldgen/biome_source
[23Mar2025 18:24:33.085] [main/DEBUG] [net.minecraftforge.registries.GameData/REGISTRIES]: Holder lookups applied: minecraft:worldgen/biome_source
[23Mar2025 18:24:33.085] [main/DEBUG] [net.minecraftforge.registries.GameData/REGISTRIES]: Applying holder lookups: minecraft:worldgen/chunk_generator
[23Mar2025 18:24:33.085] [main/DEBUG] [net.minecraftforge.registries.GameData/REGISTRIES]: Holder lookups applied: minecraft:worldgen/chunk_generator
[23Mar2025 18:24:33.085] [main/DEBUG] [net.minecraftforge.registries.GameData/REGISTRIES]: Applying holder lookups: minecraft:worldgen/material_condition
[23Mar2025 18:24:33.085] [main/DEBUG] [net.minecraftforge.registries.GameData/REGISTRIES]: Holder lookups applied: minecraft:worldgen/material_condition
[23Mar2025 18:24:33.085] [main/DEBUG] [net.minecraftforge.registries.GameData/REGISTRIES]: Applying holder lookups: minecraft:worldgen/material_rule
[23Mar2025 18:24:33.085] [main/DEBUG] [net.minecraftforge.registries.GameData/REGISTRIES]: Holder lookups applied: minecraft:worldgen/material_rule
[23Mar2025 18:24:33.085] [main/DEBUG] [net.minecraftforge.registries.GameData/REGISTRIES]: Applying holder lookups: minecraft:worldgen/density_function_type
[23Mar2025 18:24:33.085] [main/DEBUG] [net.minecraftforge.registries.GameData/REGISTRIES]: Holder lookups applied: minecraft:worldgen/density_function_type
[23Mar2025 18:24:33.085] [main/DEBUG] [net.minecraftforge.registries.GameData/REGISTRIES]: Applying holder lookups: minecraft:worldgen/structure_pool_element
[23Mar2025 18:24:33.086] [main/DEBUG] [net.minecraftforge.registries.GameData/REGISTRIES]: Holder lookups applied: minecraft:worldgen/structure_pool_element
[23Mar2025 18:24:33.086] [main/DEBUG] [net.minecraftforge.registries.GameData/REGISTRIES]: Applying holder lookups: minecraft:cat_variant
[23Mar2025 18:24:33.086] [main/DEBUG] [net.minecraftforge.registries.GameData/REGISTRIES]: Holder lookups applied: minecraft:cat_variant
[23Mar2025 18:24:33.086] [main/DEBUG] [net.minecraftforge.registries.GameData/REGISTRIES]: Applying holder lookups: minecraft:frog_variant
[23Mar2025 18:24:33.087] [main/DEBUG] [net.minecraftforge.registries.GameData/REGISTRIES]: Holder lookups applied: minecraft:frog_variant
[23Mar2025 18:24:33.087] [main/DEBUG] [net.minecraftforge.registries.GameData/REGISTRIES]: Applying holder lookups: minecraft:banner_pattern
[23Mar2025 18:24:33.087] [main/DEBUG] [net.minecraftforge.registries.GameData/REGISTRIES]: Holder lookups applied: minecraft:banner_pattern
[23Mar2025 18:24:33.087] [main/DEBUG] [net.minecraftforge.registries.GameData/REGISTRIES]: Applying holder lookups: minecraft:instrument
[23Mar2025 18:24:33.087] [main/DEBUG] [net.minecraftforge.registries.GameData/REGISTRIES]: Holder lookups applied: minecraft:instrument
[23Mar2025 18:24:33.087] [main/DEBUG] [net.minecraftforge.registries.GameData/REGISTRIES]: Applying holder lookups: minecraft:decorated_pot_patterns
[23Mar2025 18:24:33.087] [main/DEBUG] [net.minecraftforge.registries.GameData/REGISTRIES]: Holder lookups applied: minecraft:decorated_pot_patterns
[23Mar2025 18:24:33.089] [main/DEBUG] [net.minecraftforge.registries.GameData/REGISTRIES]: Applying holder lookups: minecraft:creative_mode_tab
[23Mar2025 18:24:33.089] [main/DEBUG] [net.minecraftforge.registries.GameData/REGISTRIES]: Holder lookups applied: minecraft:creative_mode_tab
[23Mar2025 18:24:33.101] [main/DEBUG] [net.minecraftforge.registries.GameData/REGISTRIES]: Applying holder lookups: forge:biome_modifier_serializers
[23Mar2025 18:24:33.102] [main/DEBUG] [net.minecraftforge.registries.GameData/REGISTRIES]: Holder lookups applied: forge:biome_modifier_serializers
[23Mar2025 18:24:33.102] [main/DEBUG] [net.minecraftforge.registries.GameData/REGISTRIES]: Applying holder lookups: forge:display_contexts
[23Mar2025 18:24:33.103] [main/DEBUG] [net.minecraftforge.registries.GameData/REGISTRIES]: Holder lookups applied: forge:display_contexts
[23Mar2025 18:24:33.103] [main/DEBUG] [net.minecraftforge.registries.GameData/REGISTRIES]: Applying holder lookups: forge:entity_data_serializers
[23Mar2025 18:24:33.103] [main/DEBUG] [net.minecraftforge.registries.GameData/REGISTRIES]: Holder lookups applied: forge:entity_data_serializers
[23Mar2025 18:24:33.106] [main/DEBUG] [net.minecraftforge.registries.GameData/REGISTRIES]: Applying holder lookups: forge:fluid_type
[23Mar2025 18:24:33.106] [main/DEBUG] [net.minecraftforge.registries.GameData/REGISTRIES]: Holder lookups applied: forge:fluid_type
[23Mar2025 18:24:33.106] [main/DEBUG] [net.minecraftforge.registries.GameData/REGISTRIES]: Applying holder lookups: forge:global_loot_modifier_serializers
[23Mar2025 18:24:33.106] [main/DEBUG] [net.minecraftforge.registries.GameData/REGISTRIES]: Holder lookups applied: forge:global_loot_modifier_serializers
[23Mar2025 18:24:33.111] [main/DEBUG] [net.minecraftforge.registries.GameData/REGISTRIES]: Applying holder lookups: forge:holder_set_type
[23Mar2025 18:24:33.111] [main/DEBUG] [net.minecraftforge.registries.GameData/REGISTRIES]: Holder lookups applied: forge:holder_set_type
[23Mar2025 18:24:33.111] [main/DEBUG] [net.minecraftforge.registries.GameData/REGISTRIES]: Applying holder lookups: forge:structure_modifier_serializers
[23Mar2025 18:24:33.112] [main/DEBUG] [net.minecraftforge.registries.GameData/REGISTRIES]: Holder lookups applied: forge:structure_modifier_serializers
[23Mar2025 18:24:33.112] [main/DEBUG] [net.minecraftforge.registries.GameData/REGISTRIES]: Applying holder lookups: minecraft:worldgen/biome
[23Mar2025 18:24:33.112] [main/DEBUG] [net.minecraftforge.registries.GameData/REGISTRIES]: Holder lookups applied: minecraft:worldgen/biome
[23Mar2025 18:24:33.273] [main/WARN] [net.minecraft.server.packs.VanillaPackResourcesBuilder/]: Assets URL 'union:/C:/Users/Dimitrios%20Passias/.gradle/caches/forge_gradle/minecraft_user_repo/net/minecraftforge/forge/1.20.1-47.3.5_mapped_parchment_2023.09.03-1.20.1/forge-1.20.1-47.3.5_mapped_parchment_2023.09.03-1.20.1-recomp.jar%23191!/assets/.mcassetsroot' uses unexpected schema
[23Mar2025 18:24:33.273] [main/WARN] [net.minecraft.server.packs.VanillaPackResourcesBuilder/]: Assets URL 'union:/C:/Users/Dimitrios%20Passias/.gradle/caches/forge_gradle/minecraft_user_repo/net/minecraftforge/forge/1.20.1-47.3.5_mapped_parchment_2023.09.03-1.20.1/forge-1.20.1-47.3.5_mapped_parchment_2023.09.03-1.20.1-recomp.jar%23191!/data/.mcassetsroot' uses unexpected schema
[23Mar2025 18:24:33.534] [main/INFO] [net.minecraft.data.DataGenerator/]: Starting provider: Loot Tables
